
Analysis Description
--------------------
FEL (Fixed Effects Likelihood) estimates site-wise synonymous (&alpha;)
and non-synonymous (&beta;) rates, and uses a likelihood ratio test to
determine if beta &neq; alpha at a site. The estimates aggregate
information over all branches, so the signal is derived from pervasive
diversification or conservation. A subset of branches can be selected
for testing as well, in which case an additional (nuisance) parameter
will be inferred -- the non-synonymous rate on branches NOT selected for
testing. Multiple partitions within a NEXUS file are also supported for
recombination - aware analysis. Version 2.5 adds MH support. Version 2.6
adds substitution mapping. 

- __Requirements__: in-frame codon alignment and a phylogenetic tree

- __Citation__: Not So Different After All: A Comparison of Methods for Detecting Amino
Acid Sites Under Selection (2005). _Mol Biol Evol_ 22 (5): 1208-1222

- __Written by__: Sergei L Kosakovsky Pond and Simon DW Frost

- __Contact Information__: spond@temple.edu

- __Analysis Version__: 2.6


>code => Universal

-------
>[WARNING]
'/Users/agl4001/Documents/hantavirus_selection_analysis/results/ANDV_trees_aln-hyphy/inputs/L.hyphy_ready.fasta'
contains 24 duplicate sequences. Identical sequences do not contribute
any information to the analysis and only slow down computation. Please
consider removing duplicate or 'nearly' duplicate sequences, e.g. using
https://github.com/veg/hyphy-analyses/tree/master/remove-duplicates
prior to running selection analyses
-------
/Users/agl4001/Documents/hantavirus_selection_analysis/results/ANDV_trees_aln-hyphy/inputs/L_ANDVall.hyphy_ready.treefile
results/ANDV_trees_aln-hyphy/inputs/L_ANDVall.hyphy_ready.treefile

>Loaded a multiple sequence alignment with **69** sequences, **2153** codons, and **1** partitions from `/Users/agl4001/Documents/hantavirus_selection_analysis/results/ANDV_trees_aln-hyphy/inputs/L.hyphy_ready.fasta`

>branches => Foreground

>srv => Yes

>multiple-hits => None

>Select the p-value threshold to use when testing for selection (permissible range = [0,1], default value = 0.1): 
>pvalue => 0.1

>ci => No
Only analyze sites whose 1-based indices match the following list (null to skip) : 
>limit-to-sites => null
For sites whose 1-based indices match the following list, write out likelihood function snapshots (null string to skip) : 
>save-lf-for-sites => null

>[Advanced setting, will result in MUCH SLOWER run time] Perform parametric bootstrap resampling to derive site-level null LRT distributions up to this many replicates per site. Recommended use for small to medium (<30 sequences) datasets (permissible range = [0,1000], default value = 50, integer): 
>resample => 0


### Branches to include in the FEL analysis
Selected 103 branches to include in FEL calculations: `AH011553_2, MT956621_1, NC_003468_2, AF291704_5, Node39, Node37, MN850096_1, PV796318_1, PV808469_1, Node47, MN258158_1, MN258159_1, Node51, PP_006WBLH_2, PP_006XDHK_5, PP_006XDJH_5, Node56, Node54, Node50, Node46, PV808472_1, MT956620_1, Node60, MN258157_1, MN258160_1, AF324900_1, Node66, OR405523_1, KY659431_1, Node69, Node65, Node63, Node59, Node45, MN850093_1, MN850094_1, MN850095_1, Node75, Node73, MN258156_1, MN850097_1, Node79, MN258161_1, MN258162_1, MN258165_1, MN258170_1, Node87, MN258163_1, MN258185_1, MN258183_1, MN258174_1, Node95, Node93, Node91, MN258177_1, MN258182_1, MN258169_1, MN258175_1, MN258181_1, MN258178_1, MN258180_1, MN258172_1, MN258188_1, MN258184_1, MN258167_1, MN258168_1, MN258187_1, MN258176_1, MN258166_1, MN258171_1, MN258173_1, MN258186_1, MN258164_1, MN258179_1, Node134, Node132, Node130, Node128, Node126, Node124, Node122, Node120, Node118, Node116, Node114, Node112, Node110, Node108, Node106, Node104, Node102, Node100, Node98, Node90, Node86, Node84, Node82, Node78, Node72, Node44, Node42, Node36, Node34`

>precision => standard


### Obtaining branch lengths and nucleotide substitution biases under the nucleotide GTR model

>kill-zero-lengths => Yes

### Deleted 29 zero-length internal branches: `Node100, Node102, Node104, Node106, Node108, Node110, Node112, Node114, Node116, Node118, Node120, Node122, Node124, Node126, Node128, Node130, Node132, Node134, Node20, Node26, Node36, Node39, Node86, Node87, Node90, Node91, Node93, Node95, Node98`
* Log(L) = -45340.36, AIC-c = 90966.80 (143 estimated parameters)
* 1 partition. Total tree length by partition (subs/site)  1.462

### Obtaining the global omega estimate based on relative GTR branch lengths and nucleotide substitution biases
* Log(L) = -36474.48, AIC-c = 73193.16 (122 estimated parameters)
* 1 partition. Total tree length by partition (subs/site)  2.273
* non-synonymous/synonymous rate ratio for *background* =   0.0306
* non-synonymous/synonymous rate ratio for *test* =   0.0160

>full-model => Yes

### Improving branch lengths, nucleotide substitution biases, and global dN/dS ratios under a full codon model
* Log(L) = -35779.09, AIC-c = 71802.39 (122 estimated parameters)
* 1 partition. Total tree length by partition (subs/site)  6.197
* non-synonymous/synonymous rate ratio for *background* =   0.0086
* non-synonymous/synonymous rate ratio for *test* =   0.0141

### For partition 1 these sites are significant at p <=0.1

|     Codon      |   Partition    |     alpha      |      beta      |      LRT       |Selection detected?|
|:--------------:|:--------------:|:--------------:|:--------------:|:--------------:|:-----------------:|
|       4        |       1        |        0.941   |        0.000   |        3.701   |  Neg. p = 0.0544  |
|       9        |       1        |        1.521   |        0.000   |        4.854   |  Neg. p = 0.0276  |
|       11       |       1        |        0.460   |        0.000   |        2.762   |  Neg. p = 0.0965  |
|       14       |       1        |        1.207   |        0.000   |        3.892   |  Neg. p = 0.0485  |
|       16       |       1        |        0.739   |        0.000   |        3.228   |  Neg. p = 0.0724  |
|       17       |       1        |        0.622   |        0.000   |        3.686   |  Neg. p = 0.0549  |
|       23       |       1        |        0.680   |        0.000   |        3.060   |  Neg. p = 0.0802  |
|       25       |       1        |        0.891   |        0.000   |        4.579   |  Neg. p = 0.0324  |
|       26       |       1        |        1.207   |        0.000   |        2.769   |  Neg. p = 0.0961  |
|       28       |       1        |        0.727   |        0.000   |        3.032   |  Neg. p = 0.0816  |
|       29       |       1        |        1.103   |        0.000   |        4.729   |  Neg. p = 0.0297  |
|       32       |       1        |        2.532   |        0.000   |        3.357   |  Neg. p = 0.0669  |
|       34       |       1        |        1.398   |        0.000   |        6.592   |  Neg. p = 0.0102  |
|       35       |       1        |        0.867   |        0.000   |        5.154   |  Neg. p = 0.0232  |
|       36       |       1        |        5.070   |        0.000   |        4.750   |  Neg. p = 0.0293  |
|       37       |       1        |        3.110   |        0.000   |        8.402   |  Neg. p = 0.0037  |
|       38       |       1        |        1.767   |        0.000   |        6.052   |  Neg. p = 0.0139  |
|       40       |       1        |        1.553   |        0.000   |        4.574   |  Neg. p = 0.0325  |
|       41       |       1        |        1.006   |        0.000   |        3.605   |  Neg. p = 0.0576  |
|       43       |       1        |        0.689   |        0.000   |        3.983   |  Neg. p = 0.0460  |
|       44       |       1        |        3.714   |        0.000   |        7.916   |  Neg. p = 0.0049  |
|       46       |       1        |        2.895   |        0.000   |        9.324   |  Neg. p = 0.0023  |
|       50       |       1        |        2.075   |        0.000   |        6.185   |  Neg. p = 0.0129  |
|       52       |       1        |        1.239   |        0.000   |        4.479   |  Neg. p = 0.0343  |
|       55       |       1        |        0.478   |        0.000   |        3.078   |  Neg. p = 0.0794  |
|       56       |       1        |        0.572   |        0.000   |        2.841   |  Neg. p = 0.0919  |
|       58       |       1        |        0.504   |        0.000   |        3.252   |  Neg. p = 0.0714  |
|       60       |       1        |        0.680   |        0.000   |        3.570   |  Neg. p = 0.0588  |
|       61       |       1        |        1.304   |        0.000   |        4.092   |  Neg. p = 0.0431  |
|       62       |       1        |        0.838   |        0.000   |        3.286   |  Neg. p = 0.0699  |
|       64       |       1        |        1.737   |        0.000   |        7.017   |  Neg. p = 0.0081  |
|       65       |       1        |        0.510   |        0.000   |        3.039   |  Neg. p = 0.0813  |
|       66       |       1        |        1.221   |        0.000   |        5.330   |  Neg. p = 0.0210  |
|       67       |       1        |        1.249   |        0.000   |        6.795   |  Neg. p = 0.0091  |
|       73       |       1        |        0.502   |        0.000   |        3.313   |  Neg. p = 0.0687  |
|       75       |       1        |        0.843   |        0.000   |        3.520   |  Neg. p = 0.0606  |
|       78       |       1        |        2.166   |        0.000   |        6.532   |  Neg. p = 0.0106  |
|       79       |       1        |        2.404   |        0.000   |        7.898   |  Neg. p = 0.0049  |
|       81       |       1        |        1.356   |        0.000   |        5.283   |  Neg. p = 0.0215  |
|       83       |       1        |        0.758   |        0.000   |        4.272   |  Neg. p = 0.0387  |
|       90       |       1        |        1.333   |        0.000   |        6.151   |  Neg. p = 0.0131  |
|       91       |       1        |        0.927   |        0.000   |        3.313   |  Neg. p = 0.0688  |
|       92       |       1        |        1.414   |        0.000   |        5.585   |  Neg. p = 0.0181  |
|       93       |       1        |        1.385   |        0.000   |        5.428   |  Neg. p = 0.0198  |
|       95       |       1        |        1.382   |        0.000   |        6.674   |  Neg. p = 0.0098  |
|       96       |       1        |        0.373   |        0.000   |        2.800   |  Neg. p = 0.0942  |
|       97       |       1        |        1.459   |        0.000   |        5.031   |  Neg. p = 0.0249  |
|       98       |       1        |        3.623   |        0.000   |        9.481   |  Neg. p = 0.0021  |
|       99       |       1        |        5.735   |        0.413   |        3.742   |  Neg. p = 0.0530  |
|      101       |       1        |        1.723   |        0.000   |        6.020   |  Neg. p = 0.0141  |
|      102       |       1        |        1.440   |        0.000   |        5.170   |  Neg. p = 0.0230  |
|      103       |       1        |        1.203   |        0.000   |        6.101   |  Neg. p = 0.0135  |
|      104       |       1        |        2.118   |        0.000   |        5.846   |  Neg. p = 0.0156  |
|      108       |       1        |        2.139   |        0.000   |        5.571   |  Neg. p = 0.0183  |
|      109       |       1        |        1.389   |        0.000   |        4.808   |  Neg. p = 0.0283  |
|      110       |       1        |        2.144   |        0.000   |        3.326   |  Neg. p = 0.0682  |
|      112       |       1        |        0.474   |        0.000   |        3.155   |  Neg. p = 0.0757  |
|      113       |       1        |        1.675   |        0.000   |        6.128   |  Neg. p = 0.0133  |
|      115       |       1        |        0.793   |        0.000   |        4.244   |  Neg. p = 0.0394  |
|      117       |       1        |        0.626   |        0.000   |        3.185   |  Neg. p = 0.0743  |
|      118       |       1        |        0.964   |        0.000   |        3.198   |  Neg. p = 0.0737  |
|      119       |       1        |        1.061   |        0.000   |        4.468   |  Neg. p = 0.0345  |
|      121       |       1        |        0.963   |        0.000   |        4.061   |  Neg. p = 0.0439  |
|      122       |       1        |        1.313   |        0.001   |        6.785   |  Neg. p = 0.0092  |
|      123       |       1        |        1.067   |        0.000   |        4.141   |  Neg. p = 0.0419  |
|      127       |       1        |        1.966   |        0.000   |        6.362   |  Neg. p = 0.0117  |
|      129       |       1        |        2.399   |        0.000   |        5.772   |  Neg. p = 0.0163  |
|      131       |       1        |        0.716   |        0.000   |        4.378   |  Neg. p = 0.0364  |
|      132       |       1        |        0.898   |        0.000   |        5.169   |  Neg. p = 0.0230  |
|      139       |       1        |        0.952   |        0.000   |        5.368   |  Neg. p = 0.0205  |
|      140       |       1        |        1.211   |        0.000   |        3.988   |  Neg. p = 0.0458  |
|      142       |       1        |        1.150   |        0.000   |        3.993   |  Neg. p = 0.0457  |
|      147       |       1        |        1.046   |        0.000   |        4.464   |  Neg. p = 0.0346  |
|      148       |       1        |        1.111   |        0.000   |        4.172   |  Neg. p = 0.0411  |
|      150       |       1        |        1.153   |        0.000   |        3.432   |  Neg. p = 0.0639  |
|      151       |       1        |        3.431   |        0.229   |        8.490   |  Neg. p = 0.0036  |
|      156       |       1        |        0.608   |        0.000   |        3.126   |  Neg. p = 0.0771  |
|      157       |       1        |        1.034   |        0.000   |        3.361   |  Neg. p = 0.0667  |
|      158       |       1        |        0.843   |        0.000   |        4.054   |  Neg. p = 0.0441  |
|      159       |       1        |        2.441   |        0.000   |        7.644   |  Neg. p = 0.0057  |
|      163       |       1        |        0.829   |        0.000   |        3.379   |  Neg. p = 0.0660  |
|      164       |       1        |        2.580   |        0.000   |        3.759   |  Neg. p = 0.0525  |
|      165       |       1        |        1.852   |        0.000   |        7.135   |  Neg. p = 0.0076  |
|      166       |       1        |        0.820   |        0.000   |        3.295   |  Neg. p = 0.0695  |
|      168       |       1        |        0.901   |        0.000   |        4.371   |  Neg. p = 0.0365  |
|      169       |       1        |        1.566   |        0.000   |        5.709   |  Neg. p = 0.0169  |
|      170       |       1        |        1.710   |        0.000   |        7.467   |  Neg. p = 0.0063  |
|      171       |       1        |        1.130   |        0.000   |        3.476   |  Neg. p = 0.0623  |
|      173       |       1        |        2.577   |        0.000   |        8.520   |  Neg. p = 0.0035  |
|      174       |       1        |        6.506   |        0.000   |       11.107   |  Neg. p = 0.0009  |
|      175       |       1        |        3.066   |        0.000   |       11.340   |  Neg. p = 0.0008  |
|      176       |       1        |        0.744   |        0.000   |        4.535   |  Neg. p = 0.0332  |
|      177       |       1        |        2.554   |        0.000   |        6.655   |  Neg. p = 0.0099  |
|      178       |       1        |       13.689   |        0.000   |       10.829   |  Neg. p = 0.0010  |
|      182       |       1        |        1.710   |        0.000   |        4.705   |  Neg. p = 0.0301  |
|      186       |       1        |        1.260   |        0.000   |        4.167   |  Neg. p = 0.0412  |
|      190       |       1        |        1.386   |        0.000   |        3.735   |  Neg. p = 0.0533  |
|      191       |       1        |        2.382   |        0.000   |        7.241   |  Neg. p = 0.0071  |
|      193       |       1        |        2.816   |        0.000   |        3.320   |  Neg. p = 0.0684  |
|      194       |       1        |        0.863   |        0.000   |        3.879   |  Neg. p = 0.0489  |
|      195       |       1        |        2.607   |        0.000   |        8.440   |  Neg. p = 0.0037  |
|      197       |       1        |        2.736   |        0.000   |        8.337   |  Neg. p = 0.0039  |
|      198       |       1        |        0.973   |        0.000   |        3.080   |  Neg. p = 0.0793  |
|      199       |       1        |        1.791   |        0.000   |        5.691   |  Neg. p = 0.0170  |
|      200       |       1        |        2.480   |        0.000   |        7.424   |  Neg. p = 0.0064  |
|      203       |       1        |        2.762   |        0.000   |        7.554   |  Neg. p = 0.0060  |
|      204       |       1        |        0.550   |        0.000   |        3.437   |  Neg. p = 0.0637  |
|      205       |       1        |        0.807   |        0.000   |        4.374   |  Neg. p = 0.0365  |
|      206       |       1        |        2.005   |        0.000   |        7.069   |  Neg. p = 0.0078  |
|      207       |       1        |        1.257   |        0.000   |        3.880   |  Neg. p = 0.0489  |
|      209       |       1        |        0.969   |        0.000   |        5.071   |  Neg. p = 0.0243  |
|      211       |       1        |        1.469   |        0.000   |        5.802   |  Neg. p = 0.0160  |
|      212       |       1        |        0.536   |        0.000   |        2.787   |  Neg. p = 0.0950  |
|      213       |       1        |        0.914   |        0.000   |        2.776   |  Neg. p = 0.0957  |
|      214       |       1        |        3.335   |        0.000   |        8.006   |  Neg. p = 0.0047  |
|      215       |       1        |       18.618   |        0.000   |       14.128   |  Neg. p = 0.0002  |
|      219       |       1        |        0.710   |        0.000   |        4.096   |  Neg. p = 0.0430  |
|      220       |       1        |        1.226   |        0.000   |        6.283   |  Neg. p = 0.0122  |
|      222       |       1        |        2.040   |        0.000   |        5.684   |  Neg. p = 0.0171  |
|      223       |       1        |        0.528   |        0.000   |        3.343   |  Neg. p = 0.0675  |
|      225       |       1        |        1.383   |        0.000   |        5.460   |  Neg. p = 0.0195  |
|      226       |       1        |        1.762   |        0.000   |        5.840   |  Neg. p = 0.0157  |
|      231       |       1        |        0.983   |        0.000   |        5.402   |  Neg. p = 0.0201  |
|      232       |       1        |        0.569   |        0.000   |        4.041   |  Neg. p = 0.0444  |
|      233       |       1        |        1.306   |        0.000   |        3.255   |  Neg. p = 0.0712  |
|      234       |       1        |        1.424   |        0.000   |        4.333   |  Neg. p = 0.0374  |
|      235       |       1        |        1.218   |        0.000   |        4.335   |  Neg. p = 0.0373  |
|      237       |       1        |        0.979   |        0.000   |        2.798   |  Neg. p = 0.0944  |
|      238       |       1        |        1.630   |        0.000   |        8.520   |  Neg. p = 0.0035  |
|      239       |       1        |        1.354   |        0.000   |        4.098   |  Neg. p = 0.0429  |
|      241       |       1        |        2.552   |        0.000   |        5.808   |  Neg. p = 0.0159  |
|      243       |       1        |        1.665   |        0.000   |        4.571   |  Neg. p = 0.0325  |
|      247       |       1        |        2.191   |        0.000   |        7.820   |  Neg. p = 0.0052  |
|      248       |       1        |        2.075   |        0.000   |        6.557   |  Neg. p = 0.0104  |
|      249       |       1        |        2.409   |        0.000   |        3.218   |  Neg. p = 0.0729  |
|      254       |       1        |        1.026   |        0.000   |        4.001   |  Neg. p = 0.0455  |
|      255       |       1        |        2.111   |        0.000   |        6.284   |  Neg. p = 0.0122  |
|      258       |       1        |        3.341   |        0.000   |        8.801   |  Neg. p = 0.0030  |
|      261       |       1        |        1.055   |        0.000   |        3.996   |  Neg. p = 0.0456  |
|      262       |       1        |        1.354   |        0.000   |        5.451   |  Neg. p = 0.0196  |
|      263       |       1        |        2.180   |        0.294   |        2.977   |  Neg. p = 0.0844  |
|      264       |       1        |        1.203   |        0.000   |        5.646   |  Neg. p = 0.0175  |
|      265       |       1        |        0.530   |        0.000   |        2.970   |  Neg. p = 0.0848  |
|      266       |       1        |        1.235   |        0.000   |        4.375   |  Neg. p = 0.0365  |
|      267       |       1        |        1.697   |        0.000   |        6.580   |  Neg. p = 0.0103  |
|      268       |       1        |        2.171   |        0.000   |        6.841   |  Neg. p = 0.0089  |
|      269       |       1        |        2.338   |        0.000   |        4.936   |  Neg. p = 0.0263  |
|      270       |       1        |        0.599   |        0.000   |        3.640   |  Neg. p = 0.0564  |
|      271       |       1        |        2.580   |        0.000   |        3.740   |  Neg. p = 0.0531  |
|      272       |       1        |        2.264   |        0.000   |        5.476   |  Neg. p = 0.0193  |
|      275       |       1        |        1.940   |        0.000   |        5.286   |  Neg. p = 0.0215  |
|      278       |       1        |        1.446   |        0.000   |        6.136   |  Neg. p = 0.0132  |
|      280       |       1        |        2.928   |        0.000   |        4.686   |  Neg. p = 0.0304  |
|      283       |       1        |        2.221   |        0.000   |        4.629   |  Neg. p = 0.0314  |
|      284       |       1        |        1.244   |        0.000   |        4.244   |  Neg. p = 0.0394  |
|      285       |       1        |        0.578   |        0.000   |        3.000   |  Neg. p = 0.0832  |
|      286       |       1        |        2.919   |        0.000   |       10.418   |  Neg. p = 0.0012  |
|      288       |       1        |        1.328   |        0.000   |        7.792   |  Neg. p = 0.0052  |
|      289       |       1        |        1.778   |        0.000   |        7.599   |  Neg. p = 0.0058  |
|      294       |       1        |        1.117   |        0.000   |        3.334   |  Neg. p = 0.0679  |
|      295       |       1        |        2.054   |        0.000   |        5.613   |  Neg. p = 0.0178  |
|      296       |       1        |        0.606   |        0.000   |        3.462   |  Neg. p = 0.0628  |
|      297       |       1        |        2.624   |        0.000   |        9.531   |  Neg. p = 0.0020  |
|      298       |       1        |        1.372   |        0.000   |        5.488   |  Neg. p = 0.0191  |
|      300       |       1        |        0.688   |        0.000   |        3.359   |  Neg. p = 0.0668  |
|      302       |       1        |        1.200   |        0.000   |        3.667   |  Neg. p = 0.0555  |
|      303       |       1        |        1.138   |        0.000   |        3.966   |  Neg. p = 0.0464  |
|      305       |       1        |        2.545   |        0.000   |        8.820   |  Neg. p = 0.0030  |
|      307       |       1        |        0.558   |        0.000   |        3.014   |  Neg. p = 0.0825  |
|      308       |       1        |       14.428   |        0.000   |        9.635   |  Neg. p = 0.0019  |
|      311       |       1        |        1.183   |        0.007   |        3.206   |  Neg. p = 0.0734  |
|      312       |       1        |        0.755   |        0.000   |        3.479   |  Neg. p = 0.0621  |
|      316       |       1        |        0.773   |        0.000   |        3.380   |  Neg. p = 0.0660  |
|      317       |       1        |        0.593   |        0.000   |        3.641   |  Neg. p = 0.0564  |
|      319       |       1        |        1.367   |        0.000   |        4.302   |  Neg. p = 0.0381  |
|      320       |       1        |        0.986   |        0.000   |        3.466   |  Neg. p = 0.0626  |
|      323       |       1        |        2.887   |        0.000   |        6.827   |  Neg. p = 0.0090  |
|      324       |       1        |        0.570   |        0.000   |        3.171   |  Neg. p = 0.0750  |
|      325       |       1        |        5.069   |        0.000   |        8.582   |  Neg. p = 0.0034  |
|      326       |       1        |        0.574   |        0.000   |        4.084   |  Neg. p = 0.0433  |
|      327       |       1        |        1.319   |        0.000   |        4.210   |  Neg. p = 0.0402  |
|      329       |       1        |        0.860   |        0.000   |        4.417   |  Neg. p = 0.0356  |
|      331       |       1        |        1.103   |        0.000   |        3.592   |  Neg. p = 0.0580  |
|      333       |       1        |        0.848   |        0.000   |        4.424   |  Neg. p = 0.0354  |
|      334       |       1        |        0.781   |        0.000   |        3.826   |  Neg. p = 0.0505  |
|      335       |       1        |        0.986   |        0.000   |        3.159   |  Neg. p = 0.0755  |
|      337       |       1        |        3.279   |        0.000   |        8.470   |  Neg. p = 0.0036  |
|      341       |       1        |        1.142   |        0.000   |        3.776   |  Neg. p = 0.0520  |
|      342       |       1        |        0.856   |        0.000   |        3.032   |  Neg. p = 0.0816  |
|      343       |       1        |        0.968   |        0.000   |        4.570   |  Neg. p = 0.0325  |
|      344       |       1        |        1.625   |        0.000   |        8.053   |  Neg. p = 0.0045  |
|      345       |       1        |        0.940   |        0.000   |        5.039   |  Neg. p = 0.0248  |
|      347       |       1        |        2.382   |        0.000   |        3.658   |  Neg. p = 0.0558  |
|      349       |       1        |        1.136   |        0.000   |        3.482   |  Neg. p = 0.0620  |
|      350       |       1        |        2.354   |        0.000   |        7.908   |  Neg. p = 0.0049  |
|      351       |       1        |        5.373   |        0.000   |       10.285   |  Neg. p = 0.0013  |
|      353       |       1        |       17.961   |        0.000   |        9.644   |  Neg. p = 0.0019  |
|      354       |       1        |        2.352   |        0.000   |        9.711   |  Neg. p = 0.0018  |
|      355       |       1        |        0.548   |        0.000   |        3.886   |  Neg. p = 0.0487  |
|      357       |       1        |        1.943   |        0.000   |        6.982   |  Neg. p = 0.0082  |
|      359       |       1        |        1.312   |        0.000   |        4.525   |  Neg. p = 0.0334  |
|      360       |       1        |        0.924   |        0.000   |        2.887   |  Neg. p = 0.0893  |
|      363       |       1        |        1.735   |        0.000   |        8.634   |  Neg. p = 0.0033  |
|      365       |       1        |        2.849   |        0.000   |        8.345   |  Neg. p = 0.0039  |
|      366       |       1        |        0.689   |        0.000   |        3.128   |  Neg. p = 0.0770  |
|      368       |       1        |        2.750   |        0.000   |        7.460   |  Neg. p = 0.0063  |
|      369       |       1        |        1.285   |        0.000   |        6.178   |  Neg. p = 0.0129  |
|      371       |       1        |        2.694   |        0.000   |        4.075   |  Neg. p = 0.0435  |
|      374       |       1        |        1.518   |        0.000   |        6.561   |  Neg. p = 0.0104  |
|      375       |       1        |        1.331   |        0.000   |        3.622   |  Neg. p = 0.0570  |
|      376       |       1        |        2.531   |        0.000   |        8.058   |  Neg. p = 0.0045  |
|      378       |       1        |        0.933   |        0.000   |        3.013   |  Neg. p = 0.0826  |
|      379       |       1        |        4.838   |        0.000   |        9.650   |  Neg. p = 0.0019  |
|      380       |       1        |        1.014   |        0.000   |        6.359   |  Neg. p = 0.0117  |
|      381       |       1        |        3.353   |        0.000   |       11.354   |  Neg. p = 0.0008  |
|      382       |       1        |        0.845   |        0.000   |        2.797   |  Neg. p = 0.0945  |
|      383       |       1        |        2.916   |        0.000   |        6.661   |  Neg. p = 0.0099  |
|      385       |       1        |        1.284   |        0.000   |        5.610   |  Neg. p = 0.0179  |
|      386       |       1        |        1.220   |        0.000   |        5.749   |  Neg. p = 0.0165  |
|      387       |       1        |        1.771   |        0.000   |        6.166   |  Neg. p = 0.0130  |
|      388       |       1        |        2.339   |        0.000   |        4.507   |  Neg. p = 0.0338  |
|      389       |       1        |        1.564   |        0.000   |        5.013   |  Neg. p = 0.0252  |
|      390       |       1        |        1.366   |        0.000   |        5.678   |  Neg. p = 0.0172  |
|      392       |       1        |        2.063   |        0.000   |        9.105   |  Neg. p = 0.0025  |
|      395       |       1        |        2.337   |        0.000   |        6.075   |  Neg. p = 0.0137  |
|      396       |       1        |       10.443   |        0.000   |       11.989   |  Neg. p = 0.0005  |
|      397       |       1        |        1.651   |        0.000   |        6.984   |  Neg. p = 0.0082  |
|      398       |       1        |        1.517   |        0.000   |        3.632   |  Neg. p = 0.0567  |
|      399       |       1        |        2.858   |        0.000   |        3.591   |  Neg. p = 0.0581  |
|      401       |       1        |        1.082   |        0.000   |        4.189   |  Neg. p = 0.0407  |
|      403       |       1        |        1.764   |        0.000   |        6.046   |  Neg. p = 0.0139  |
|      404       |       1        |        6.240   |        0.000   |       11.227   |  Neg. p = 0.0008  |
|      405       |       1        |        1.079   |        0.000   |        5.122   |  Neg. p = 0.0236  |
|      407       |       1        |        1.346   |        0.000   |        3.146   |  Neg. p = 0.0761  |
|      408       |       1        |        2.322   |        0.324   |        3.635   |  Neg. p = 0.0566  |
|      410       |       1        |        7.783   |        0.000   |       13.513   |  Neg. p = 0.0002  |
|      411       |       1        |        1.051   |        0.000   |        2.876   |  Neg. p = 0.0899  |
|      413       |       1        |        1.481   |        0.000   |        4.391   |  Neg. p = 0.0361  |
|      415       |       1        |        2.522   |        0.000   |        3.390   |  Neg. p = 0.0656  |
|      416       |       1        |        1.856   |        0.000   |        7.612   |  Neg. p = 0.0058  |
|      418       |       1        |        0.992   |        0.000   |        5.222   |  Neg. p = 0.0223  |
|      419       |       1        |        1.039   |        0.000   |        3.742   |  Neg. p = 0.0531  |
|      420       |       1        |        1.108   |        0.000   |        3.037   |  Neg. p = 0.0814  |
|      421       |       1        |        1.130   |        0.000   |        2.942   |  Neg. p = 0.0863  |
|      425       |       1        |        1.747   |        0.000   |        4.789   |  Neg. p = 0.0286  |
|      426       |       1        |        1.588   |        0.000   |        6.006   |  Neg. p = 0.0143  |
|      427       |       1        |        0.737   |        0.000   |        3.219   |  Neg. p = 0.0728  |
|      428       |       1        |        2.719   |        0.000   |        9.617   |  Neg. p = 0.0019  |
|      429       |       1        |        1.825   |        0.000   |        3.636   |  Neg. p = 0.0566  |
|      431       |       1        |        1.147   |        0.000   |        4.894   |  Neg. p = 0.0270  |
|      433       |       1        |        0.667   |        0.000   |        3.653   |  Neg. p = 0.0560  |
|      436       |       1        |        0.937   |        0.000   |        3.332   |  Neg. p = 0.0680  |
|      439       |       1        |      225.721   |        0.000   |        4.106   |  Neg. p = 0.0427  |
|      440       |       1        |        0.936   |        0.000   |        4.469   |  Neg. p = 0.0345  |
|      441       |       1        |        0.562   |        0.000   |        3.445   |  Neg. p = 0.0635  |
|      442       |       1        |        1.819   |        0.000   |        8.478   |  Neg. p = 0.0036  |
|      445       |       1        |        1.735   |        0.000   |        7.112   |  Neg. p = 0.0077  |
|      447       |       1        |        1.921   |        0.000   |        8.462   |  Neg. p = 0.0036  |
|      448       |       1        |        1.423   |        0.000   |        5.374   |  Neg. p = 0.0204  |
|      449       |       1        |        8.274   |        0.000   |        8.596   |  Neg. p = 0.0034  |
|      450       |       1        |        3.654   |        0.276   |        6.425   |  Neg. p = 0.0113  |
|      452       |       1        |        2.908   |        0.000   |        7.386   |  Neg. p = 0.0066  |
|      453       |       1        |        1.077   |        0.000   |        3.474   |  Neg. p = 0.0624  |
|      454       |       1        |        2.402   |        0.000   |        6.607   |  Neg. p = 0.0102  |
|      455       |       1        |       11.723   |        0.000   |       12.362   |  Neg. p = 0.0004  |
|      459       |       1        |        0.726   |        0.000   |        2.875   |  Neg. p = 0.0900  |
|      460       |       1        |        1.448   |        0.000   |        5.793   |  Neg. p = 0.0161  |
|      461       |       1        |        1.731   |        0.000   |        6.614   |  Neg. p = 0.0101  |
|      462       |       1        |        1.035   |        0.000   |        3.846   |  Neg. p = 0.0499  |
|      463       |       1        |       22.200   |        0.000   |       13.408   |  Neg. p = 0.0003  |
|      466       |       1        |        1.786   |        0.000   |        6.179   |  Neg. p = 0.0129  |
|      467       |       1        |        2.431   |        0.000   |        7.347   |  Neg. p = 0.0067  |
|      468       |       1        |        1.989   |        0.000   |        6.128   |  Neg. p = 0.0133  |
|      470       |       1        |        1.400   |        0.000   |        4.567   |  Neg. p = 0.0326  |
|      473       |       1        |        0.690   |        0.000   |        3.627   |  Neg. p = 0.0568  |
|      475       |       1        |        2.577   |        0.000   |        3.970   |  Neg. p = 0.0463  |
|      476       |       1        |        1.657   |        0.000   |        4.695   |  Neg. p = 0.0303  |
|      478       |       1        |        1.343   |        0.000   |        3.048   |  Neg. p = 0.0808  |
|      479       |       1        |        0.870   |        0.000   |        3.680   |  Neg. p = 0.0551  |
|      480       |       1        |        1.255   |        0.000   |        5.036   |  Neg. p = 0.0248  |
|      485       |       1        |        0.936   |        0.000   |        3.410   |  Neg. p = 0.0648  |
|      491       |       1        |        1.590   |        0.000   |        6.686   |  Neg. p = 0.0097  |
|      492       |       1        |        1.932   |        0.000   |        7.484   |  Neg. p = 0.0062  |
|      494       |       1        |        0.921   |        0.000   |        5.881   |  Neg. p = 0.0153  |
|      495       |       1        |        3.025   |        0.000   |       12.070   |  Neg. p = 0.0005  |
|      496       |       1        |        1.911   |        0.000   |        7.508   |  Neg. p = 0.0061  |
|      497       |       1        |        1.178   |        0.000   |        4.040   |  Neg. p = 0.0444  |
|      498       |       1        |        2.393   |        0.000   |        5.667   |  Neg. p = 0.0173  |
|      501       |       1        |        1.776   |        0.000   |        6.432   |  Neg. p = 0.0112  |
|      505       |       1        |        0.454   |        0.000   |        2.715   |  Neg. p = 0.0994  |
|      507       |       1        |        1.112   |        0.000   |        5.045   |  Neg. p = 0.0247  |
|      509       |       1        |        1.153   |        0.000   |        4.326   |  Neg. p = 0.0375  |
|      510       |       1        |        1.098   |        0.000   |        3.788   |  Neg. p = 0.0516  |
|      511       |       1        |        1.128   |        0.000   |        3.869   |  Neg. p = 0.0492  |
|      512       |       1        |        2.331   |        0.000   |        4.351   |  Neg. p = 0.0370  |
|      515       |       1        |        1.613   |        0.000   |        8.316   |  Neg. p = 0.0039  |
|      518       |       1        |        1.186   |        0.000   |        4.084   |  Neg. p = 0.0433  |
|      519       |       1        |        2.138   |        0.000   |        5.261   |  Neg. p = 0.0218  |
|      520       |       1        |        1.373   |        0.000   |        4.180   |  Neg. p = 0.0409  |
|      522       |       1        |        2.608   |        0.000   |        7.591   |  Neg. p = 0.0059  |
|      523       |       1        |        0.828   |        0.000   |        4.719   |  Neg. p = 0.0298  |
|      524       |       1        |        0.801   |        0.000   |        4.367   |  Neg. p = 0.0366  |
|      525       |       1        |        1.373   |        0.000   |        3.061   |  Neg. p = 0.0802  |
|      526       |       1        |        0.942   |        0.000   |        4.311   |  Neg. p = 0.0379  |
|      527       |       1        |        3.340   |        0.000   |       12.365   |  Neg. p = 0.0004  |
|      529       |       1        |        1.816   |        0.000   |        6.102   |  Neg. p = 0.0135  |
|      531       |       1        |        1.250   |        0.000   |        5.142   |  Neg. p = 0.0233  |
|      532       |       1        |        6.036   |        0.000   |       10.963   |  Neg. p = 0.0009  |
|      533       |       1        |        1.007   |        0.000   |        4.074   |  Neg. p = 0.0436  |
|      534       |       1        |        6.712   |        0.000   |       10.743   |  Neg. p = 0.0010  |
|      535       |       1        |        0.486   |        0.000   |        2.763   |  Neg. p = 0.0965  |
|      536       |       1        |        3.260   |        0.000   |        8.355   |  Neg. p = 0.0038  |
|      537       |       1        |        1.454   |        0.000   |        6.042   |  Neg. p = 0.0140  |
|      538       |       1        |        1.824   |        0.000   |        4.584   |  Neg. p = 0.0323  |
|      539       |       1        |        1.457   |        0.000   |        3.899   |  Neg. p = 0.0483  |
|      540       |       1        |        5.453   |        0.000   |        9.512   |  Neg. p = 0.0020  |
|      542       |       1        |        4.058   |        0.000   |       12.044   |  Neg. p = 0.0005  |
|      543       |       1        |        0.748   |        0.000   |        3.242   |  Neg. p = 0.0718  |
|      546       |       1        |        0.643   |        0.000   |        3.884   |  Neg. p = 0.0487  |
|      547       |       1        |        0.829   |        0.000   |        3.254   |  Neg. p = 0.0713  |
|      548       |       1        |        3.359   |        0.000   |       12.811   |  Neg. p = 0.0003  |
|      551       |       1        |      285.968   |        0.000   |       22.348   |  Neg. p = 0.0000  |
|      552       |       1        |        0.860   |        0.000   |        4.161   |  Neg. p = 0.0414  |
|      553       |       1        |        1.115   |        0.000   |        4.584   |  Neg. p = 0.0323  |
|      554       |       1        |        1.302   |        0.048   |        2.857   |  Neg. p = 0.0910  |
|      556       |       1        |        1.204   |        0.000   |        4.790   |  Neg. p = 0.0286  |
|      558       |       1        |        2.622   |        0.000   |       10.293   |  Neg. p = 0.0013  |
|      559       |       1        |        2.228   |        0.000   |        6.468   |  Neg. p = 0.0110  |
|      560       |       1        |        0.680   |        0.000   |        3.483   |  Neg. p = 0.0620  |
|      563       |       1        |        1.746   |        0.000   |        3.135   |  Neg. p = 0.0766  |
|      564       |       1        |        2.465   |        0.000   |        3.138   |  Neg. p = 0.0765  |
|      565       |       1        |        1.060   |        0.000   |        3.144   |  Neg. p = 0.0762  |
|      566       |       1        |        1.338   |        0.000   |        5.469   |  Neg. p = 0.0194  |
|      567       |       1        |        1.061   |        0.000   |        5.299   |  Neg. p = 0.0213  |
|      568       |       1        |        2.012   |        0.000   |        4.980   |  Neg. p = 0.0256  |
|      569       |       1        |        2.084   |        0.000   |        5.820   |  Neg. p = 0.0158  |
|      570       |       1        |        2.200   |        0.000   |        8.196   |  Neg. p = 0.0042  |
|      571       |       1        |        2.833   |        0.000   |        6.814   |  Neg. p = 0.0090  |
|      572       |       1        |        5.810   |        0.000   |        9.850   |  Neg. p = 0.0017  |
|      574       |       1        |        0.900   |        0.000   |        4.751   |  Neg. p = 0.0293  |
|      576       |       1        |        0.867   |        0.000   |        3.716   |  Neg. p = 0.0539  |
|      577       |       1        |        2.475   |        0.000   |        6.546   |  Neg. p = 0.0105  |
|      578       |       1        |        1.614   |        0.000   |        5.588   |  Neg. p = 0.0181  |
|      579       |       1        |        0.560   |        0.000   |        3.823   |  Neg. p = 0.0506  |
|      582       |       1        |        2.308   |        0.000   |        9.132   |  Neg. p = 0.0025  |
|      583       |       1        |        1.830   |        0.000   |        7.258   |  Neg. p = 0.0071  |
|      586       |       1        |        2.210   |        0.000   |        6.792   |  Neg. p = 0.0092  |
|      588       |       1        |        1.196   |        0.000   |        3.674   |  Neg. p = 0.0553  |
|      591       |       1        |        1.901   |        0.000   |        4.941   |  Neg. p = 0.0262  |
|      593       |       1        |        1.424   |        0.000   |        3.916   |  Neg. p = 0.0478  |
|      594       |       1        |        1.228   |        0.000   |        6.183   |  Neg. p = 0.0129  |
|      595       |       1        |        1.402   |        0.000   |        5.352   |  Neg. p = 0.0207  |
|      596       |       1        |        4.821   |        0.000   |       10.320   |  Neg. p = 0.0013  |
|      598       |       1        |        0.726   |        0.000   |        4.056   |  Neg. p = 0.0440  |
|      602       |       1        |        2.343   |        0.000   |        5.474   |  Neg. p = 0.0193  |
|      603       |       1        |        0.598   |        0.000   |        3.409   |  Neg. p = 0.0648  |
|      604       |       1        |        0.868   |        0.000   |        3.694   |  Neg. p = 0.0546  |
|      608       |       1        |        2.382   |        0.000   |        5.095   |  Neg. p = 0.0240  |
|      609       |       1        |        0.806   |        0.000   |        3.652   |  Neg. p = 0.0560  |
|      610       |       1        |        1.065   |        0.000   |        4.332   |  Neg. p = 0.0374  |
|      612       |       1        |        0.710   |        0.000   |        2.803   |  Neg. p = 0.0941  |
|      613       |       1        |        2.874   |        0.000   |        3.807   |  Neg. p = 0.0510  |
|      616       |       1        |        2.003   |        0.000   |        5.432   |  Neg. p = 0.0198  |
|      619       |       1        |        1.126   |        0.000   |        4.038   |  Neg. p = 0.0445  |
|      621       |       1        |        5.780   |        0.000   |        8.404   |  Neg. p = 0.0037  |
|      622       |       1        |        1.044   |        0.000   |        5.005   |  Neg. p = 0.0253  |
|      624       |       1        |        3.342   |        0.000   |        9.619   |  Neg. p = 0.0019  |
|      625       |       1        |        2.776   |        0.000   |        4.632   |  Neg. p = 0.0314  |
|      626       |       1        |        0.541   |        0.000   |        3.098   |  Neg. p = 0.0784  |
|      627       |       1        |        1.312   |        0.000   |        6.495   |  Neg. p = 0.0108  |
|      628       |       1        |        1.010   |        0.000   |        4.932   |  Neg. p = 0.0264  |
|      630       |       1        |        1.114   |        0.000   |        4.234   |  Neg. p = 0.0396  |
|      631       |       1        |        1.619   |        0.000   |        6.097   |  Neg. p = 0.0135  |
|      634       |       1        |        1.873   |        0.000   |        6.976   |  Neg. p = 0.0083  |
|      635       |       1        |        0.521   |        0.000   |        3.397   |  Neg. p = 0.0653  |
|      636       |       1        |        1.491   |        0.000   |        6.636   |  Neg. p = 0.0100  |
|      637       |       1        |        1.481   |        0.000   |        4.439   |  Neg. p = 0.0351  |
|      638       |       1        |        3.361   |        0.000   |        8.053   |  Neg. p = 0.0045  |
|      639       |       1        |        2.724   |        0.000   |        7.925   |  Neg. p = 0.0049  |
|      641       |       1        |        2.239   |        0.000   |        4.713   |  Neg. p = 0.0299  |
|      642       |       1        |        1.962   |        0.000   |        5.225   |  Neg. p = 0.0223  |
|      643       |       1        |        1.104   |        0.000   |        3.746   |  Neg. p = 0.0529  |
|      644       |       1        |        3.521   |        0.000   |        6.928   |  Neg. p = 0.0085  |
|      645       |       1        |        0.587   |        0.000   |        2.926   |  Neg. p = 0.0872  |
|      646       |       1        |        0.984   |        0.000   |        3.906   |  Neg. p = 0.0481  |
|      648       |       1        |        1.759   |        0.000   |        6.474   |  Neg. p = 0.0109  |
|      649       |       1        |        4.761   |        0.000   |        8.377   |  Neg. p = 0.0038  |
|      650       |       1        |        0.730   |        0.000   |        2.761   |  Neg. p = 0.0966  |
|      651       |       1        |        1.990   |        0.000   |        9.384   |  Neg. p = 0.0022  |
|      652       |       1        |        0.804   |        0.000   |        4.608   |  Neg. p = 0.0318  |
|      653       |       1        |        1.211   |        0.000   |        4.138   |  Neg. p = 0.0419  |
|      655       |       1        |        0.699   |        0.000   |        3.042   |  Neg. p = 0.0811  |
|      656       |       1        |        1.523   |        0.000   |        5.863   |  Neg. p = 0.0155  |
|      661       |       1        |        3.055   |        0.000   |       10.063   |  Neg. p = 0.0015  |
|      663       |       1        |        2.561   |        0.000   |        8.313   |  Neg. p = 0.0039  |
|      664       |       1        |        2.228   |        0.000   |        6.873   |  Neg. p = 0.0087  |
|      665       |       1        |        0.890   |        0.000   |        4.036   |  Neg. p = 0.0445  |
|      666       |       1        |        1.066   |        0.000   |        4.097   |  Neg. p = 0.0430  |
|      667       |       1        |        2.618   |        0.023   |        9.164   |  Neg. p = 0.0025  |
|      670       |       1        |        1.403   |        0.000   |        4.616   |  Neg. p = 0.0317  |
|      671       |       1        |        2.090   |        0.000   |        5.836   |  Neg. p = 0.0157  |
|      672       |       1        |        1.243   |        0.000   |        3.839   |  Neg. p = 0.0501  |
|      674       |       1        |        2.407   |        0.000   |        5.597   |  Neg. p = 0.0180  |
|      675       |       1        |        2.859   |        0.000   |        6.197   |  Neg. p = 0.0128  |
|      676       |       1        |       10.335   |        0.000   |       13.037   |  Neg. p = 0.0003  |
|      678       |       1        |        1.601   |        0.000   |        5.629   |  Neg. p = 0.0177  |
|      680       |       1        |        6.191   |        0.000   |       10.017   |  Neg. p = 0.0016  |
|      682       |       1        |        0.789   |        0.000   |        2.828   |  Neg. p = 0.0927  |
|      684       |       1        |        0.888   |        0.000   |        4.093   |  Neg. p = 0.0431  |
|      685       |       1        |        2.377   |        0.000   |       11.193   |  Neg. p = 0.0008  |
|      686       |       1        |        1.052   |        0.000   |        3.484   |  Neg. p = 0.0620  |
|      687       |       1        |        0.875   |        0.000   |        2.868   |  Neg. p = 0.0904  |
|      689       |       1        |        1.073   |        0.000   |        3.593   |  Neg. p = 0.0580  |
|      690       |       1        |        0.984   |        0.000   |        5.563   |  Neg. p = 0.0183  |
|      693       |       1        |        5.125   |        0.000   |       10.301   |  Neg. p = 0.0013  |
|      694       |       1        |        0.923   |        0.000   |        4.681   |  Neg. p = 0.0305  |
|      695       |       1        |        4.610   |        0.000   |       12.715   |  Neg. p = 0.0004  |
|      696       |       1        |        1.391   |        0.000   |        5.794   |  Neg. p = 0.0161  |
|      699       |       1        |        2.788   |        0.000   |        7.865   |  Neg. p = 0.0050  |
|      700       |       1        |        0.596   |        0.000   |        3.456   |  Neg. p = 0.0630  |
|      701       |       1        |        1.009   |        0.000   |        3.418   |  Neg. p = 0.0645  |
|      702       |       1        |        5.503   |        0.000   |        8.174   |  Neg. p = 0.0043  |
|      703       |       1        |        1.424   |        0.000   |        7.937   |  Neg. p = 0.0048  |
|      704       |       1        |        0.937   |        0.000   |        4.745   |  Neg. p = 0.0294  |
|      705       |       1        |        1.668   |        0.000   |        4.515   |  Neg. p = 0.0336  |
|      708       |       1        |        1.965   |        0.000   |        9.409   |  Neg. p = 0.0022  |
|      710       |       1        |        1.459   |        0.000   |        5.351   |  Neg. p = 0.0207  |
|      711       |       1        |        4.081   |        0.000   |        7.904   |  Neg. p = 0.0049  |
|      712       |       1        |        3.597   |        0.000   |        7.970   |  Neg. p = 0.0048  |
|      713       |       1        |        2.734   |        0.000   |        7.471   |  Neg. p = 0.0063  |
|      714       |       1        |        3.423   |        0.000   |        7.866   |  Neg. p = 0.0050  |
|      715       |       1        |        1.361   |        0.000   |        5.992   |  Neg. p = 0.0144  |
|      716       |       1        |        2.432   |        0.000   |        3.793   |  Neg. p = 0.0515  |
|      717       |       1        |        1.471   |        0.000   |        4.192   |  Neg. p = 0.0406  |
|      718       |       1        |        0.527   |        0.000   |        2.883   |  Neg. p = 0.0895  |
|      719       |       1        |        1.926   |        0.000   |        7.960   |  Neg. p = 0.0048  |
|      721       |       1        |        0.751   |        0.000   |        4.128   |  Neg. p = 0.0422  |
|      722       |       1        |        2.930   |        0.000   |        7.843   |  Neg. p = 0.0051  |
|      725       |       1        |        5.807   |        0.000   |        9.464   |  Neg. p = 0.0021  |
|      726       |       1        |        0.730   |        0.000   |        3.459   |  Neg. p = 0.0629  |
|      729       |       1        |        2.172   |        0.000   |        6.218   |  Neg. p = 0.0126  |
|      730       |       1        |        1.557   |        0.000   |        4.211   |  Neg. p = 0.0402  |
|      732       |       1        |        1.010   |        0.000   |        3.099   |  Neg. p = 0.0784  |
|      734       |       1        |        0.973   |        0.000   |        5.372   |  Neg. p = 0.0205  |
|      735       |       1        |        0.816   |        0.000   |        3.090   |  Neg. p = 0.0788  |
|      736       |       1        |        2.281   |        0.000   |        5.998   |  Neg. p = 0.0143  |
|      737       |       1        |        1.392   |        0.000   |        7.345   |  Neg. p = 0.0067  |
|      740       |       1        |        1.583   |        0.000   |        6.338   |  Neg. p = 0.0118  |
|      741       |       1        |        3.818   |        0.000   |        9.052   |  Neg. p = 0.0026  |
|      743       |       1        |        1.402   |        0.000   |        5.407   |  Neg. p = 0.0201  |
|      744       |       1        |        1.864   |        0.000   |        7.351   |  Neg. p = 0.0067  |
|      745       |       1        |        1.690   |        0.000   |        4.121   |  Neg. p = 0.0423  |
|      747       |       1        |        1.404   |        0.000   |        3.870   |  Neg. p = 0.0491  |
|      750       |       1        |        0.600   |        0.000   |        3.172   |  Neg. p = 0.0749  |
|      751       |       1        |        1.312   |        0.000   |        5.270   |  Neg. p = 0.0217  |
|      752       |       1        |        1.964   |        0.000   |        6.394   |  Neg. p = 0.0115  |
|      753       |       1        |        3.887   |        0.000   |        8.889   |  Neg. p = 0.0029  |
|      756       |       1        |        4.509   |        0.000   |        9.387   |  Neg. p = 0.0022  |
|      757       |       1        |        2.532   |        0.000   |        7.585   |  Neg. p = 0.0059  |
|      759       |       1        |        0.000   |        0.906   |        5.411   |  Pos. p = 0.0200  |
|      760       |       1        |        4.525   |        0.000   |        7.846   |  Neg. p = 0.0051  |
|      761       |       1        |        0.590   |        0.000   |        3.228   |  Neg. p = 0.0724  |
|      763       |       1        |        0.760   |        0.000   |        3.677   |  Neg. p = 0.0552  |
|      764       |       1        |        0.405   |        0.000   |        2.787   |  Neg. p = 0.0950  |
|      765       |       1        |        1.766   |        0.000   |        5.273   |  Neg. p = 0.0217  |
|      766       |       1        |        0.904   |        0.000   |        3.638   |  Neg. p = 0.0565  |
|      771       |       1        |        2.159   |        0.000   |        6.157   |  Neg. p = 0.0131  |
|      774       |       1        |        1.229   |        0.000   |        3.688   |  Neg. p = 0.0548  |
|      775       |       1        |        3.501   |        0.057   |        7.179   |  Neg. p = 0.0074  |
|      776       |       1        |        4.986   |        0.000   |        6.979   |  Neg. p = 0.0082  |
|      777       |       1        |        0.927   |        0.000   |        4.964   |  Neg. p = 0.0259  |
|      778       |       1        |        1.274   |        0.000   |        3.136   |  Neg. p = 0.0766  |
|      779       |       1        |        0.596   |        0.000   |        2.813   |  Neg. p = 0.0935  |
|      783       |       1        |        1.181   |        0.000   |        3.183   |  Neg. p = 0.0744  |
|      785       |       1        |        2.729   |        0.000   |       10.721   |  Neg. p = 0.0011  |
|      786       |       1        |        2.907   |        0.000   |        6.370   |  Neg. p = 0.0116  |
|      787       |       1        |        2.819   |        0.000   |        4.410   |  Neg. p = 0.0357  |
|      788       |       1        |        2.164   |        0.000   |        5.272   |  Neg. p = 0.0217  |
|      790       |       1        |        2.558   |        0.000   |        7.406   |  Neg. p = 0.0065  |
|      791       |       1        |        2.837   |        0.000   |        5.211   |  Neg. p = 0.0224  |
|      792       |       1        |        1.410   |        0.000   |        4.876   |  Neg. p = 0.0272  |
|      793       |       1        |        2.044   |        0.000   |        6.021   |  Neg. p = 0.0141  |
|      796       |       1        |        1.434   |        0.000   |        3.606   |  Neg. p = 0.0576  |
|      797       |       1        |        1.006   |        0.000   |        3.764   |  Neg. p = 0.0524  |
|      798       |       1        |        0.417   |        0.000   |        2.777   |  Neg. p = 0.0957  |
|      799       |       1        |        1.414   |        0.000   |        5.663   |  Neg. p = 0.0173  |
|      802       |       1        |        2.263   |        0.000   |        6.206   |  Neg. p = 0.0127  |
|      803       |       1        |        1.354   |        0.000   |        2.865   |  Neg. p = 0.0905  |
|      804       |       1        |        1.553   |        0.000   |        6.943   |  Neg. p = 0.0084  |
|      806       |       1        |        0.808   |        0.000   |        2.842   |  Neg. p = 0.0919  |
|      807       |       1        |        1.318   |        0.000   |        3.601   |  Neg. p = 0.0577  |
|      808       |       1        |        1.358   |        0.000   |        5.566   |  Neg. p = 0.0183  |
|      811       |       1        |        1.376   |        0.000   |        7.084   |  Neg. p = 0.0078  |
|      813       |       1        |        1.964   |        0.000   |        5.313   |  Neg. p = 0.0212  |
|      815       |       1        |        2.401   |        0.000   |        5.991   |  Neg. p = 0.0144  |
|      816       |       1        |        8.903   |        0.000   |       15.701   |  Neg. p = 0.0001  |
|      817       |       1        |        2.308   |        0.000   |        8.649   |  Neg. p = 0.0033  |
|      819       |       1        |        5.453   |        0.000   |        9.951   |  Neg. p = 0.0016  |
|      820       |       1        |        2.795   |        0.000   |        7.445   |  Neg. p = 0.0064  |
|      821       |       1        |        1.736   |        0.000   |        8.874   |  Neg. p = 0.0029  |
|      822       |       1        |        6.876   |        0.000   |       10.154   |  Neg. p = 0.0014  |
|      823       |       1        |        4.666   |        0.000   |        8.831   |  Neg. p = 0.0030  |
|      824       |       1        |        0.565   |        0.000   |        2.925   |  Neg. p = 0.0872  |
|      825       |       1        |        2.331   |        0.000   |        5.255   |  Neg. p = 0.0219  |
|      827       |       1        |        0.813   |        0.000   |        5.402   |  Neg. p = 0.0201  |
|      829       |       1        |        0.773   |        0.000   |        3.414   |  Neg. p = 0.0647  |
|      830       |       1        |        0.678   |        0.000   |        3.636   |  Neg. p = 0.0565  |
|      831       |       1        |        4.055   |        0.000   |       12.052   |  Neg. p = 0.0005  |
|      832       |       1        |        1.342   |        0.000   |        3.267   |  Neg. p = 0.0707  |
|      833       |       1        |        0.864   |        0.000   |        4.404   |  Neg. p = 0.0358  |
|      836       |       1        |        7.395   |        0.000   |       19.844   |  Neg. p = 0.0000  |
|      837       |       1        |        0.932   |        0.000   |        3.636   |  Neg. p = 0.0565  |
|      838       |       1        |        1.587   |        0.000   |        3.006   |  Neg. p = 0.0830  |
|      840       |       1        |        2.233   |        0.000   |        5.952   |  Neg. p = 0.0147  |
|      842       |       1        |        1.049   |        0.000   |        5.155   |  Neg. p = 0.0232  |
|      843       |       1        |        2.483   |        0.000   |        3.742   |  Neg. p = 0.0531  |
|      846       |       1        |        1.073   |        0.000   |        5.994   |  Neg. p = 0.0144  |
|      848       |       1        |        3.358   |        0.000   |        9.557   |  Neg. p = 0.0020  |
|      849       |       1        |        0.556   |        0.000   |        3.688   |  Neg. p = 0.0548  |
|      851       |       1        |        1.464   |        0.000   |        4.355   |  Neg. p = 0.0369  |
|      854       |       1        |        1.784   |        0.000   |        6.692   |  Neg. p = 0.0097  |
|      855       |       1        |        0.862   |        0.000   |        4.117   |  Neg. p = 0.0425  |
|      856       |       1        |        4.464   |        0.000   |        8.519   |  Neg. p = 0.0035  |
|      859       |       1        |        2.032   |        0.000   |        7.224   |  Neg. p = 0.0072  |
|      861       |       1        |        1.019   |        0.000   |        3.320   |  Neg. p = 0.0685  |
|      862       |       1        |        1.523   |        0.000   |        7.242   |  Neg. p = 0.0071  |
|      863       |       1        |        1.422   |        0.000   |        4.643   |  Neg. p = 0.0312  |
|      864       |       1        |        0.806   |        0.000   |        4.485   |  Neg. p = 0.0342  |
|      867       |       1        |        1.574   |        0.000   |        5.881   |  Neg. p = 0.0153  |
|      868       |       1        |        0.851   |        0.017   |        3.128   |  Neg. p = 0.0770  |
|      871       |       1        |        0.720   |        0.000   |        2.941   |  Neg. p = 0.0864  |
|      872       |       1        |        4.822   |        0.000   |       10.275   |  Neg. p = 0.0013  |
|      873       |       1        |        1.534   |        0.000   |        5.906   |  Neg. p = 0.0151  |
|      874       |       1        |        1.461   |        0.000   |        4.342   |  Neg. p = 0.0372  |
|      2069      |       1        |        1.461   |        0.000   |        4.342   |  Neg. p = 0.0372  |
|      878       |       1        |        1.508   |        0.000   |        6.660   |  Neg. p = 0.0099  |
|      879       |       1        |        2.183   |        0.000   |        5.370   |  Neg. p = 0.0205  |
|      880       |       1        |        0.732   |        0.000   |        4.559   |  Neg. p = 0.0327  |
|      881       |       1        |        1.104   |        0.000   |        6.178   |  Neg. p = 0.0129  |
|      882       |       1        |        1.265   |        0.000   |        4.356   |  Neg. p = 0.0369  |
|      883       |       1        |        1.655   |        0.000   |        6.642   |  Neg. p = 0.0100  |
|      885       |       1        |        4.247   |        0.000   |        6.848   |  Neg. p = 0.0089  |
|      888       |       1        |        1.613   |        0.000   |        5.525   |  Neg. p = 0.0187  |
|      891       |       1        |        0.597   |        0.000   |        3.684   |  Neg. p = 0.0549  |
|      892       |       1        |        1.346   |        0.000   |        2.831   |  Neg. p = 0.0924  |
|      1979      |       1        |        1.346   |        0.000   |        2.831   |  Neg. p = 0.0924  |
|      894       |       1        |        1.040   |        0.000   |        4.988   |  Neg. p = 0.0255  |
|      895       |       1        |        4.597   |        0.000   |        9.984   |  Neg. p = 0.0016  |
|      896       |       1        |        2.324   |        0.000   |        3.003   |  Neg. p = 0.0831  |
|      897       |       1        |        2.088   |        0.000   |        7.678   |  Neg. p = 0.0056  |
|      902       |       1        |        0.818   |        0.000   |        4.369   |  Neg. p = 0.0366  |
|      904       |       1        |        1.389   |        0.000   |        5.728   |  Neg. p = 0.0167  |
|      906       |       1        |        1.206   |        0.000   |        3.989   |  Neg. p = 0.0458  |
|      908       |       1        |        1.347   |        0.000   |        5.117   |  Neg. p = 0.0237  |
|      909       |       1        |        0.587   |        0.000   |        2.925   |  Neg. p = 0.0872  |
|      910       |       1        |        2.478   |        0.000   |        6.572   |  Neg. p = 0.0104  |
|      911       |       1        |        0.737   |        0.000   |        3.221   |  Neg. p = 0.0727  |
|      913       |       1        |        4.738   |        0.000   |       12.249   |  Neg. p = 0.0005  |
|      915       |       1        |        0.806   |        0.000   |        4.363   |  Neg. p = 0.0367  |
|      916       |       1        |        1.210   |        0.000   |        4.024   |  Neg. p = 0.0448  |
|      923       |       1        |        2.927   |        0.000   |        6.734   |  Neg. p = 0.0095  |
|      925       |       1        |        0.704   |        0.000   |        3.067   |  Neg. p = 0.0799  |
|      926       |       1        |        0.635   |        0.000   |        3.949   |  Neg. p = 0.0469  |
|      927       |       1        |        2.281   |        0.000   |        3.768   |  Neg. p = 0.0522  |
|      928       |       1        |        0.596   |        0.000   |        3.410   |  Neg. p = 0.0648  |
|      929       |       1        |        0.978   |        0.000   |        5.214   |  Neg. p = 0.0224  |
|      931       |       1        |        1.281   |        0.000   |        4.143   |  Neg. p = 0.0418  |
|      932       |       1        |        1.398   |        0.000   |        4.405   |  Neg. p = 0.0358  |
|      936       |       1        |        1.376   |        0.000   |        5.181   |  Neg. p = 0.0228  |
|      937       |       1        |        4.674   |        0.000   |        7.166   |  Neg. p = 0.0074  |
|      939       |       1        |        0.601   |        0.000   |        3.751   |  Neg. p = 0.0528  |
|      941       |       1        |        1.091   |        0.000   |        4.153   |  Neg. p = 0.0416  |
|      944       |       1        |        1.025   |        0.000   |        5.751   |  Neg. p = 0.0165  |
|      945       |       1        |        0.835   |        0.000   |        4.532   |  Neg. p = 0.0333  |
|      948       |       1        |        0.988   |        0.000   |        4.353   |  Neg. p = 0.0369  |
|      949       |       1        |        1.333   |        0.000   |        5.462   |  Neg. p = 0.0194  |
|      953       |       1        |        4.885   |        0.000   |       10.730   |  Neg. p = 0.0011  |
|      956       |       1        |        2.864   |        0.000   |        8.340   |  Neg. p = 0.0039  |
|      961       |       1        |        0.742   |        0.000   |        3.536   |  Neg. p = 0.0601  |
|      962       |       1        |        1.316   |        0.000   |        4.245   |  Neg. p = 0.0394  |
|      964       |       1        |        1.947   |        0.000   |        6.398   |  Neg. p = 0.0114  |
|      965       |       1        |        0.916   |        0.000   |        5.305   |  Neg. p = 0.0213  |
|      966       |       1        |        2.198   |        0.000   |        5.196   |  Neg. p = 0.0226  |
|      967       |       1        |        1.016   |        0.000   |        3.112   |  Neg. p = 0.0777  |
|      970       |       1        |        0.660   |        0.000   |        3.272   |  Neg. p = 0.0705  |
|      972       |       1        |        3.937   |        0.000   |        8.848   |  Neg. p = 0.0029  |
|      973       |       1        |        3.083   |        0.001   |        7.149   |  Neg. p = 0.0075  |
|      974       |       1        |        1.196   |        0.000   |        3.890   |  Neg. p = 0.0486  |
|      976       |       1        |        2.904   |        0.000   |        7.069   |  Neg. p = 0.0078  |
|      979       |       1        |        0.991   |        0.000   |        4.355   |  Neg. p = 0.0369  |
|      980       |       1        |        1.496   |        0.000   |        5.060   |  Neg. p = 0.0245  |
|      981       |       1        |        3.760   |        0.000   |       10.968   |  Neg. p = 0.0009  |
|      982       |       1        |        1.050   |        0.000   |        4.405   |  Neg. p = 0.0358  |
|      983       |       1        |        0.603   |        0.000   |        3.035   |  Neg. p = 0.0815  |
|      984       |       1        |        1.163   |        0.000   |        5.545   |  Neg. p = 0.0185  |
|      985       |       1        |        1.341   |        0.000   |        4.264   |  Neg. p = 0.0389  |
|      986       |       1        |        2.749   |        0.000   |        6.708   |  Neg. p = 0.0096  |
|      988       |       1        |        0.764   |        0.000   |        4.339   |  Neg. p = 0.0372  |
|      991       |       1        |        4.726   |        0.000   |        8.532   |  Neg. p = 0.0035  |
|      992       |       1        |        0.969   |        0.000   |        5.142   |  Neg. p = 0.0233  |
|      993       |       1        |        1.767   |        0.000   |        5.376   |  Neg. p = 0.0204  |
|      996       |       1        |        1.827   |        0.000   |        7.337   |  Neg. p = 0.0068  |
|      997       |       1        |        1.699   |        0.000   |        4.672   |  Neg. p = 0.0307  |
|      998       |       1        |        0.919   |        0.000   |        3.430   |  Neg. p = 0.0640  |
|      999       |       1        |        2.257   |        0.000   |        7.348   |  Neg. p = 0.0067  |
|      1000      |       1        |        2.860   |        0.000   |        9.786   |  Neg. p = 0.0018  |
|      1001      |       1        |        2.178   |        0.000   |        6.214   |  Neg. p = 0.0127  |
|      1002      |       1        |        1.388   |        0.000   |        4.312   |  Neg. p = 0.0378  |
|      1003      |       1        |        0.634   |        0.000   |        2.722   |  Neg. p = 0.0990  |
|      1010      |       1        |        1.641   |        0.001   |        3.343   |  Neg. p = 0.0675  |
|      1011      |       1        |        1.338   |        0.000   |        6.012   |  Neg. p = 0.0142  |
|      1012      |       1        |        1.431   |        0.000   |        5.791   |  Neg. p = 0.0161  |
|      1013      |       1        |        2.406   |        0.000   |        7.461   |  Neg. p = 0.0063  |
|      1018      |       1        |        2.144   |        0.000   |        7.854   |  Neg. p = 0.0051  |
|      1019      |       1        |        2.761   |        0.000   |        3.573   |  Neg. p = 0.0587  |
|      1021      |       1        |        1.930   |        0.000   |        6.783   |  Neg. p = 0.0092  |
|      1022      |       1        |        0.794   |        0.000   |        4.406   |  Neg. p = 0.0358  |
|      1023      |       1        |        1.128   |        0.000   |        3.990   |  Neg. p = 0.0458  |
|      1025      |       1        |        2.345   |        0.202   |        4.957   |  Neg. p = 0.0260  |
|      1028      |       1        |        1.558   |        0.000   |        5.849   |  Neg. p = 0.0156  |
|      1029      |       1        |        2.761   |        0.000   |        5.133   |  Neg. p = 0.0235  |
|      1030      |       1        |        7.681   |        0.000   |       13.404   |  Neg. p = 0.0003  |
|      1034      |       1        |        0.958   |        0.000   |        4.724   |  Neg. p = 0.0297  |
|      1037      |       1        |        0.949   |        0.000   |        4.928   |  Neg. p = 0.0264  |
|      1038      |       1        |        0.895   |        0.000   |        4.039   |  Neg. p = 0.0445  |
|      1040      |       1        |        1.942   |        0.000   |        6.889   |  Neg. p = 0.0087  |
|      1043      |       1        |        1.566   |        0.000   |        6.286   |  Neg. p = 0.0122  |
|      1045      |       1        |       18.786   |        0.000   |       14.314   |  Neg. p = 0.0002  |
|      1048      |       1        |        0.940   |        0.000   |        4.617   |  Neg. p = 0.0317  |
|      1049      |       1        |        0.649   |        0.000   |        3.377   |  Neg. p = 0.0661  |
|      1051      |       1        |        0.395   |        0.000   |        2.780   |  Neg. p = 0.0954  |
|      1052      |       1        |        6.251   |        0.830   |        5.252   |  Neg. p = 0.0219  |
|      1053      |       1        |        2.830   |        0.000   |        8.334   |  Neg. p = 0.0039  |
|      1055      |       1        |        0.949   |        0.000   |        4.760   |  Neg. p = 0.0291  |
|      1056      |       1        |        2.691   |        0.000   |        6.681   |  Neg. p = 0.0097  |
|      1058      |       1        |        2.265   |        0.000   |        8.603   |  Neg. p = 0.0034  |
|      1060      |       1        |        1.007   |        0.000   |        4.477   |  Neg. p = 0.0343  |
|      1061      |       1        |        6.467   |        0.000   |        8.943   |  Neg. p = 0.0028  |
|      1062      |       1        |        4.173   |        0.000   |        8.846   |  Neg. p = 0.0029  |
|      1063      |       1        |        1.157   |        0.000   |        4.438   |  Neg. p = 0.0351  |
|      1067      |       1        |        4.202   |        0.000   |       12.223   |  Neg. p = 0.0005  |
|      1069      |       1        |        6.820   |        0.000   |        8.862   |  Neg. p = 0.0029  |
|      1072      |       1        |        0.465   |        0.000   |        3.287   |  Neg. p = 0.0698  |
|      1074      |       1        |        2.839   |        0.000   |        9.208   |  Neg. p = 0.0024  |
|      1075      |       1        |        1.226   |        0.000   |        3.580   |  Neg. p = 0.0585  |
|      1076      |       1        |        1.414   |        0.000   |        5.533   |  Neg. p = 0.0187  |
|      1077      |       1        |        4.140   |        0.000   |        8.253   |  Neg. p = 0.0041  |
|      1078      |       1        |        1.082   |        0.000   |        5.082   |  Neg. p = 0.0242  |
|      1079      |       1        |        1.406   |        0.000   |        5.122   |  Neg. p = 0.0236  |
|      1080      |       1        |        1.930   |        0.000   |        7.614   |  Neg. p = 0.0058  |
|      1082      |       1        |        2.340   |        0.000   |        4.681   |  Neg. p = 0.0305  |
|      1084      |       1        |        1.420   |        0.000   |        3.207   |  Neg. p = 0.0733  |
|      1085      |       1        |        2.382   |        0.000   |        6.866   |  Neg. p = 0.0088  |
|      1086      |       1        |        0.979   |        0.000   |        5.754   |  Neg. p = 0.0164  |
|      1089      |       1        |        3.257   |        0.000   |        7.432   |  Neg. p = 0.0064  |
|      1093      |       1        |        2.937   |        0.000   |        6.758   |  Neg. p = 0.0093  |
|      1095      |       1        |        0.577   |        0.000   |        3.782   |  Neg. p = 0.0518  |
|      1096      |       1        |        1.976   |        0.000   |        5.525   |  Neg. p = 0.0187  |
|      1097      |       1        |        0.686   |        0.000   |        2.843   |  Neg. p = 0.0918  |
|      1098      |       1        |        1.412   |        0.000   |        5.569   |  Neg. p = 0.0183  |
|      1101      |       1        |        1.143   |        0.000   |        6.242   |  Neg. p = 0.0125  |
|      1102      |       1        |        1.586   |        0.000   |        4.172   |  Neg. p = 0.0411  |
|      1103      |       1        |        4.623   |        0.000   |       10.341   |  Neg. p = 0.0013  |
|      1104      |       1        |        1.753   |        0.000   |        5.032   |  Neg. p = 0.0249  |
|      1106      |       1        |        0.730   |        0.000   |        3.888   |  Neg. p = 0.0486  |
|      1108      |       1        |        3.620   |        0.000   |        8.202   |  Neg. p = 0.0042  |
|      1110      |       1        |        0.817   |        0.000   |        4.864   |  Neg. p = 0.0274  |
|      1111      |       1        |        1.548   |        0.000   |        4.265   |  Neg. p = 0.0389  |
|      1112      |       1        |        2.846   |        0.000   |        2.880   |  Neg. p = 0.0897  |
|      1114      |       1        |        1.630   |        0.000   |        6.058   |  Neg. p = 0.0138  |
|      1115      |       1        |        1.358   |        0.000   |        6.247   |  Neg. p = 0.0124  |
|      1116      |       1        |        1.157   |        0.000   |        4.439   |  Neg. p = 0.0351  |
|      1118      |       1        |        2.265   |        0.000   |        4.328   |  Neg. p = 0.0375  |
|      1119      |       1        |        1.711   |        0.000   |        5.038   |  Neg. p = 0.0248  |
|      1121      |       1        |        1.718   |        0.000   |        5.813   |  Neg. p = 0.0159  |
|      1122      |       1        |        0.819   |        0.000   |        3.102   |  Neg. p = 0.0782  |
|      1126      |       1        |        2.211   |        0.000   |        5.888   |  Neg. p = 0.0152  |
|      1127      |       1        |        1.007   |        0.000   |        5.230   |  Neg. p = 0.0222  |
|      1128      |       1        |        0.743   |        0.000   |        3.308   |  Neg. p = 0.0689  |
|      1129      |       1        |        0.879   |        0.000   |        3.727   |  Neg. p = 0.0535  |
|      1131      |       1        |        0.590   |        0.000   |        3.254   |  Neg. p = 0.0712  |
|      1134      |       1        |        1.544   |        0.001   |        4.056   |  Neg. p = 0.0440  |
|      1135      |       1        |        1.747   |        0.000   |        6.252   |  Neg. p = 0.0124  |
|      1136      |       1        |        1.368   |        0.000   |        4.703   |  Neg. p = 0.0301  |
|      1138      |       1        |        0.730   |        0.000   |        2.946   |  Neg. p = 0.0861  |
|      1141      |       1        |        3.185   |        0.000   |        8.635   |  Neg. p = 0.0033  |
|      1142      |       1        |        1.891   |        0.000   |        6.319   |  Neg. p = 0.0119  |
|      1145      |       1        |        3.063   |        0.000   |        7.496   |  Neg. p = 0.0062  |
|      1149      |       1        |        1.918   |        0.000   |        6.155   |  Neg. p = 0.0131  |
|      1150      |       1        |        1.649   |        0.000   |        4.451   |  Neg. p = 0.0349  |
|      1151      |       1        |        1.375   |        0.000   |        5.009   |  Neg. p = 0.0252  |
|      1154      |       1        |        0.714   |        0.000   |        3.577   |  Neg. p = 0.0586  |
|      1155      |       1        |        0.975   |        0.000   |        4.689   |  Neg. p = 0.0304  |
|      1156      |       1        |        0.678   |        0.000   |        3.511   |  Neg. p = 0.0609  |
|      1159      |       1        |        1.013   |        0.000   |        4.215   |  Neg. p = 0.0401  |
|      1160      |       1        |        6.038   |        0.000   |       16.026   |  Neg. p = 0.0001  |
|      1162      |       1        |        0.867   |        0.000   |        3.802   |  Neg. p = 0.0512  |
|      1165      |       1        |        2.627   |        0.000   |        8.788   |  Neg. p = 0.0030  |
|      1167      |       1        |        3.240   |        0.000   |       15.299   |  Neg. p = 0.0001  |
|      1168      |       1        |        0.541   |        0.000   |        3.150   |  Neg. p = 0.0759  |
|      1171      |       1        |        3.616   |        0.000   |        7.187   |  Neg. p = 0.0073  |
|      1172      |       1        |        1.179   |        0.000   |        4.507   |  Neg. p = 0.0338  |
|      1173      |       1        |        1.849   |        0.000   |        6.822   |  Neg. p = 0.0090  |
|      1174      |       1        |        0.974   |        0.000   |        5.003   |  Neg. p = 0.0253  |
|      1175      |       1        |        1.661   |        0.000   |        6.108   |  Neg. p = 0.0135  |
|      1176      |       1        |        2.546   |        0.000   |        4.235   |  Neg. p = 0.0396  |
|      1181      |       1        |        0.469   |        0.000   |        3.048   |  Neg. p = 0.0809  |
|      1182      |       1        |        3.978   |        0.000   |       11.404   |  Neg. p = 0.0007  |
|      1184      |       1        |        0.671   |        0.000   |        3.098   |  Neg. p = 0.0784  |
|      1185      |       1        |        1.577   |        0.000   |        8.145   |  Neg. p = 0.0043  |
|      1187      |       1        |        0.716   |        0.000   |        3.230   |  Neg. p = 0.0723  |
|      1189      |       1        |        2.653   |        0.000   |        8.358   |  Neg. p = 0.0038  |
|      1190      |       1        |        0.899   |        0.000   |        2.765   |  Neg. p = 0.0963  |
|      1191      |       1        |        1.275   |        0.000   |        4.306   |  Neg. p = 0.0380  |
|      1192      |       1        |        2.564   |        0.000   |        5.592   |  Neg. p = 0.0180  |
|      1193      |       1        |        0.977   |        0.000   |        4.181   |  Neg. p = 0.0409  |
|      1194      |       1        |        2.080   |        0.001   |        5.123   |  Neg. p = 0.0236  |
|      1196      |       1        |        1.299   |        0.000   |        4.620   |  Neg. p = 0.0316  |
|      1378      |       1        |        1.299   |        0.000   |        4.620   |  Neg. p = 0.0316  |
|      1198      |       1        |        0.480   |        0.000   |        3.553   |  Neg. p = 0.0594  |
|      1199      |       1        |        0.905   |        0.000   |        5.233   |  Neg. p = 0.0222  |
|      1200      |       1        |        2.585   |        0.000   |        5.652   |  Neg. p = 0.0174  |
|      1201      |       1        |        0.881   |        0.000   |        4.590   |  Neg. p = 0.0322  |
|      1202      |       1        |        1.292   |        0.000   |        5.217   |  Neg. p = 0.0224  |
|      1205      |       1        |        0.565   |        0.000   |        2.798   |  Neg. p = 0.0944  |
|      1206      |       1        |        1.544   |        0.000   |        4.424   |  Neg. p = 0.0354  |
|      1207      |       1        |        1.844   |        0.000   |        6.963   |  Neg. p = 0.0083  |
|      1208      |       1        |        0.521   |        0.000   |        2.993   |  Neg. p = 0.0836  |
|      1285      |       1        |        0.521   |        0.000   |        2.993   |  Neg. p = 0.0836  |
|      1871      |       1        |        0.521   |        0.000   |        2.993   |  Neg. p = 0.0836  |
|      1210      |       1        |        3.714   |        0.000   |        8.055   |  Neg. p = 0.0045  |
|      1211      |       1        |        2.014   |        0.000   |        7.357   |  Neg. p = 0.0067  |
|      1212      |       1        |        0.624   |        0.000   |        3.499   |  Neg. p = 0.0614  |
|      1214      |       1        |        1.573   |        0.000   |        5.999   |  Neg. p = 0.0143  |
|      1217      |       1        |        2.522   |        0.000   |        6.160   |  Neg. p = 0.0131  |
|      1218      |       1        |        1.266   |        0.000   |        4.549   |  Neg. p = 0.0329  |
|      1219      |       1        |        2.649   |        0.000   |        6.424   |  Neg. p = 0.0113  |
|      1220      |       1        |        0.858   |        0.000   |        3.828   |  Neg. p = 0.0504  |
|      1221      |       1        |        1.439   |        0.000   |        6.364   |  Neg. p = 0.0116  |
|      1222      |       1        |        0.953   |        0.000   |        4.352   |  Neg. p = 0.0370  |
|      1223      |       1        |        4.242   |        0.000   |       15.699   |  Neg. p = 0.0001  |
|      1224      |       1        |        1.014   |        0.000   |        3.348   |  Neg. p = 0.0673  |
|      1226      |       1        |        0.981   |        0.000   |        4.820   |  Neg. p = 0.0281  |
|      1227      |       1        |        4.547   |        0.000   |        5.699   |  Neg. p = 0.0170  |
|      1228      |       1        |        0.740   |        0.000   |        2.777   |  Neg. p = 0.0956  |
|      1230      |       1        |        1.606   |        0.000   |        6.121   |  Neg. p = 0.0134  |
|      1231      |       1        |        1.739   |        0.000   |        7.116   |  Neg. p = 0.0076  |
|      1232      |       1        |        1.757   |        0.000   |        4.702   |  Neg. p = 0.0301  |
|      1234      |       1        |        1.650   |        0.000   |        7.602   |  Neg. p = 0.0058  |
|      1235      |       1        |        0.780   |        0.000   |        3.972   |  Neg. p = 0.0463  |
|      1237      |       1        |        1.724   |        0.000   |        5.766   |  Neg. p = 0.0163  |
|      1238      |       1        |        1.850   |        0.000   |        5.669   |  Neg. p = 0.0173  |
|      1239      |       1        |        0.469   |        0.000   |        3.036   |  Neg. p = 0.0814  |
|      1241      |       1        |        2.461   |        0.000   |        5.143   |  Neg. p = 0.0233  |
|      1242      |       1        |        0.606   |        0.000   |        3.601   |  Neg. p = 0.0577  |
|      1243      |       1        |        0.944   |        0.000   |        4.479   |  Neg. p = 0.0343  |
|      1245      |       1        |        2.318   |        0.000   |        3.346   |  Neg. p = 0.0674  |
|      1248      |       1        |        2.220   |        0.000   |        7.201   |  Neg. p = 0.0073  |
|      1249      |       1        |        1.957   |        0.000   |        7.238   |  Neg. p = 0.0071  |
|      1250      |       1        |        1.339   |        0.000   |        5.175   |  Neg. p = 0.0229  |
|      1251      |       1        |        0.861   |        0.000   |        5.068   |  Neg. p = 0.0244  |
|      1254      |       1        |        0.795   |        0.000   |        4.035   |  Neg. p = 0.0446  |
|      1255      |       1        |        0.727   |        0.000   |        3.010   |  Neg. p = 0.0827  |
|      1256      |       1        |        1.021   |        0.000   |        3.922   |  Neg. p = 0.0476  |
|      1257      |       1        |        3.858   |        0.000   |        7.074   |  Neg. p = 0.0078  |
|      1259      |       1        |        1.517   |        0.000   |        4.476   |  Neg. p = 0.0344  |
|      1261      |       1        |        2.884   |        0.000   |        7.930   |  Neg. p = 0.0049  |
|      1262      |       1        |        1.197   |        0.000   |        4.492   |  Neg. p = 0.0340  |
|      1263      |       1        |        1.646   |        0.000   |        8.034   |  Neg. p = 0.0046  |
|      1265      |       1        |        0.878   |        0.000   |        4.993   |  Neg. p = 0.0254  |
|      1266      |       1        |        1.585   |        0.000   |        7.856   |  Neg. p = 0.0051  |
|      1267      |       1        |        1.373   |        0.000   |        5.062   |  Neg. p = 0.0245  |
|      1271      |       1        |        3.907   |        0.000   |        9.980   |  Neg. p = 0.0016  |
|      1273      |       1        |        1.052   |        0.000   |        4.033   |  Neg. p = 0.0446  |
|      1274      |       1        |        1.405   |        0.000   |        5.239   |  Neg. p = 0.0221  |
|      1276      |       1        |        0.949   |        0.000   |        3.619   |  Neg. p = 0.0571  |
|      1277      |       1        |        1.653   |        0.000   |        7.703   |  Neg. p = 0.0055  |
|      1278      |       1        |        0.880   |        0.000   |        4.864   |  Neg. p = 0.0274  |
|      1280      |       1        |        1.060   |        0.000   |        5.659   |  Neg. p = 0.0174  |
|      1281      |       1        |        0.533   |        0.000   |        3.058   |  Neg. p = 0.0803  |
|      1282      |       1        |        5.541   |        0.000   |       13.107   |  Neg. p = 0.0003  |
|      1283      |       1        |        2.314   |        0.000   |        9.342   |  Neg. p = 0.0022  |
|      1290      |       1        |        1.523   |        0.000   |        3.434   |  Neg. p = 0.0639  |
|      1293      |       1        |        1.416   |        0.000   |        5.477   |  Neg. p = 0.0193  |
|      1294      |       1        |        0.726   |        0.000   |        3.584   |  Neg. p = 0.0584  |
|      1295      |       1        |        2.914   |        0.000   |        8.731   |  Neg. p = 0.0031  |
|      1296      |       1        |        1.771   |        0.000   |        7.398   |  Neg. p = 0.0065  |
|      1298      |       1        |        0.662   |        0.000   |        2.747   |  Neg. p = 0.0975  |
|      1299      |       1        |        0.589   |        0.000   |        3.396   |  Neg. p = 0.0654  |
|      1300      |       1        |        0.797   |        0.000   |        4.401   |  Neg. p = 0.0359  |
|      1301      |       1        |        0.853   |        0.000   |        6.013   |  Neg. p = 0.0142  |
|      1305      |       1        |        1.367   |        0.000   |        4.860   |  Neg. p = 0.0275  |
|      1306      |       1        |        0.436   |        0.000   |        2.826   |  Neg. p = 0.0927  |
|      1307      |       1        |        2.618   |        0.000   |        5.979   |  Neg. p = 0.0145  |
|      1308      |       1        |        0.953   |        0.000   |        4.034   |  Neg. p = 0.0446  |
|      1309      |       1        |        0.997   |        0.000   |        3.179   |  Neg. p = 0.0746  |
|      1310      |       1        |        0.751   |        0.000   |        4.553   |  Neg. p = 0.0329  |
|      1311      |       1        |        1.269   |        0.000   |        3.841   |  Neg. p = 0.0500  |
|      1312      |       1        |        2.290   |        0.000   |        2.970   |  Neg. p = 0.0848  |
|      1322      |       1        |        1.757   |        0.000   |        6.214   |  Neg. p = 0.0127  |
|      1325      |       1        |        3.646   |        0.000   |       10.706   |  Neg. p = 0.0011  |
|      1326      |       1        |        1.803   |        0.000   |        6.842   |  Neg. p = 0.0089  |
|      1328      |       1        |        1.305   |        0.000   |        3.765   |  Neg. p = 0.0523  |
|      1330      |       1        |        0.837   |        0.000   |        3.404   |  Neg. p = 0.0651  |
|      1331      |       1        |        2.378   |        0.000   |        5.373   |  Neg. p = 0.0204  |
|      1332      |       1        |        2.411   |        0.000   |        5.023   |  Neg. p = 0.0250  |
|      1333      |       1        |        2.290   |        0.000   |        4.235   |  Neg. p = 0.0396  |
|      1334      |       1        |        0.625   |        0.000   |        3.142   |  Neg. p = 0.0763  |
|      1336      |       1        |        0.643   |        0.000   |        2.849   |  Neg. p = 0.0914  |
|      1340      |       1        |        1.359   |        0.000   |        4.360   |  Neg. p = 0.0368  |
|      1342      |       1        |        2.857   |        0.000   |        7.076   |  Neg. p = 0.0078  |
|      1343      |       1        |        1.914   |        0.000   |        7.941   |  Neg. p = 0.0048  |
|      1344      |       1        |        1.097   |        0.000   |        4.308   |  Neg. p = 0.0379  |
|      1346      |       1        |        1.049   |        0.000   |        4.961   |  Neg. p = 0.0259  |
|      1349      |       1        |        1.138   |        0.000   |        4.003   |  Neg. p = 0.0454  |
|      1350      |       1        |        1.419   |        0.000   |        4.561   |  Neg. p = 0.0327  |
|      1351      |       1        |        9.833   |        0.000   |        9.640   |  Neg. p = 0.0019  |
|      1353      |       1        |        1.096   |        0.000   |        3.390   |  Neg. p = 0.0656  |
|      1354      |       1        |        0.754   |        0.000   |        3.118   |  Neg. p = 0.0774  |
|      1355      |       1        |        0.670   |        0.000   |        3.103   |  Neg. p = 0.0781  |
|      1357      |       1        |        4.816   |        0.117   |        6.473   |  Neg. p = 0.0110  |
|      1364      |       1        |        2.055   |        0.000   |        9.436   |  Neg. p = 0.0021  |
|      1365      |       1        |        3.518   |        0.000   |        7.151   |  Neg. p = 0.0075  |
|      1366      |       1        |        1.259   |        0.000   |        5.216   |  Neg. p = 0.0224  |
|      1367      |       1        |        0.929   |        0.000   |        5.170   |  Neg. p = 0.0230  |
|      1368      |       1        |        2.114   |        0.000   |        8.003   |  Neg. p = 0.0047  |
|      1372      |       1        |        0.753   |        0.000   |        3.737   |  Neg. p = 0.0532  |
|      1373      |       1        |        0.593   |        0.000   |        3.247   |  Neg. p = 0.0715  |
|      1376      |       1        |        0.705   |        0.000   |        2.785   |  Neg. p = 0.0951  |
|      1377      |       1        |        2.021   |        0.000   |        6.772   |  Neg. p = 0.0093  |
|      1379      |       1        |        3.924   |        0.000   |        7.899   |  Neg. p = 0.0049  |
|      1380      |       1        |        0.867   |        0.000   |        2.903   |  Neg. p = 0.0884  |
|      1381      |       1        |        0.590   |        0.000   |        3.635   |  Neg. p = 0.0566  |
|      1382      |       1        |        1.163   |        0.000   |        4.802   |  Neg. p = 0.0284  |
|      1385      |       1        |        0.730   |        0.000   |        3.643   |  Neg. p = 0.0563  |
|      1390      |       1        |        0.737   |        0.000   |        3.250   |  Neg. p = 0.0714  |
|      1391      |       1        |        0.369   |        0.000   |        2.752   |  Neg. p = 0.0971  |
|      1392      |       1        |        2.069   |        0.000   |        6.406   |  Neg. p = 0.0114  |
|      1393      |       1        |        0.886   |        0.000   |        4.272   |  Neg. p = 0.0387  |
|      1394      |       1        |        2.029   |        0.000   |        6.178   |  Neg. p = 0.0129  |
|      1398      |       1        |        0.996   |        0.000   |        4.877   |  Neg. p = 0.0272  |
|      1400      |       1        |        1.880   |        0.000   |        4.284   |  Neg. p = 0.0385  |
|      1401      |       1        |        1.302   |        0.000   |        5.611   |  Neg. p = 0.0178  |
|      1403      |       1        |        2.828   |        0.000   |        6.224   |  Neg. p = 0.0126  |
|      1405      |       1        |        0.936   |        0.000   |        5.672   |  Neg. p = 0.0172  |
|      1406      |       1        |        1.847   |        0.000   |        8.699   |  Neg. p = 0.0032  |
|      1407      |       1        |        1.796   |        0.000   |        4.577   |  Neg. p = 0.0324  |
|      1408      |       1        |        1.829   |        0.000   |       10.101   |  Neg. p = 0.0015  |
|      1411      |       1        |        0.627   |        0.000   |        3.557   |  Neg. p = 0.0593  |
|      1412      |       1        |        2.129   |        0.000   |        6.277   |  Neg. p = 0.0122  |
|      1414      |       1        |        2.372   |        0.000   |        6.108   |  Neg. p = 0.0135  |
|      1417      |       1        |        0.909   |        0.000   |        3.728   |  Neg. p = 0.0535  |
|      1418      |       1        |        0.995   |        0.000   |        4.771   |  Neg. p = 0.0289  |
|      1419      |       1        |        1.082   |        0.000   |        5.229   |  Neg. p = 0.0222  |
|      1426      |       1        |        0.985   |        0.000   |        4.157   |  Neg. p = 0.0415  |
|      1430      |       1        |        1.478   |        0.000   |        5.543   |  Neg. p = 0.0186  |
|      1431      |       1        |        1.187   |        0.000   |        6.132   |  Neg. p = 0.0133  |
|      1432      |       1        |        0.541   |        0.000   |        3.148   |  Neg. p = 0.0760  |
|      1436      |       1        |        0.518   |        0.000   |        3.282   |  Neg. p = 0.0701  |
|      1437      |       1        |       12.123   |        0.000   |       13.801   |  Neg. p = 0.0002  |
|      1438      |       1        |        1.092   |        0.000   |        6.241   |  Neg. p = 0.0125  |
|      1441      |       1        |        0.808   |        0.000   |        2.803   |  Neg. p = 0.0941  |
|      1442      |       1        |        1.555   |        0.000   |        4.377   |  Neg. p = 0.0364  |
|      1443      |       1        |        0.971   |        0.000   |        5.177   |  Neg. p = 0.0229  |
|      1445      |       1        |        2.287   |        0.000   |        6.358   |  Neg. p = 0.0117  |
|      1449      |       1        |        2.409   |        0.000   |        6.122   |  Neg. p = 0.0133  |
|      1450      |       1        |        1.759   |        0.000   |        7.638   |  Neg. p = 0.0057  |
|      1452      |       1        |        3.583   |        0.000   |        7.201   |  Neg. p = 0.0073  |
|      1456      |       1        |        0.512   |        0.000   |        3.308   |  Neg. p = 0.0690  |
|      1457      |       1        |        2.819   |        0.000   |        3.719   |  Neg. p = 0.0538  |
|      1459      |       1        |        1.919   |        0.000   |        6.752   |  Neg. p = 0.0094  |
|      1460      |       1        |        0.938   |        0.000   |        3.610   |  Neg. p = 0.0574  |
|      1461      |       1        |        0.986   |        0.000   |        3.548   |  Neg. p = 0.0596  |
|      1462      |       1        |        0.753   |        0.000   |        2.863   |  Neg. p = 0.0906  |
|      1464      |       1        |        0.752   |        0.000   |        3.178   |  Neg. p = 0.0746  |
|      1466      |       1        |        2.319   |        0.000   |        6.515   |  Neg. p = 0.0107  |
|      1467      |       1        |        0.746   |        0.000   |        3.537   |  Neg. p = 0.0600  |
|      1468      |       1        |        2.529   |        0.000   |        3.087   |  Neg. p = 0.0789  |
|      1470      |       1        |        2.580   |        0.000   |        4.081   |  Neg. p = 0.0434  |
|      1472      |       1        |        0.617   |        0.000   |        3.171   |  Neg. p = 0.0750  |
|      1473      |       1        |        1.529   |        0.000   |        7.750   |  Neg. p = 0.0054  |
|      1476      |       1        |        1.890   |        0.000   |        6.147   |  Neg. p = 0.0132  |
|      1479      |       1        |        1.654   |        0.000   |        7.219   |  Neg. p = 0.0072  |
|      1482      |       1        |        1.110   |        0.000   |        4.700   |  Neg. p = 0.0302  |
|      1483      |       1        |        1.259   |        0.000   |        3.364   |  Neg. p = 0.0666  |
|      1484      |       1        |        0.683   |        0.000   |        4.012   |  Neg. p = 0.0452  |
|      1485      |       1        |        0.854   |        0.000   |        5.393   |  Neg. p = 0.0202  |
|      1486      |       1        |        0.997   |        0.000   |        4.006   |  Neg. p = 0.0453  |
|      1487      |       1        |        1.593   |        0.000   |        3.532   |  Neg. p = 0.0602  |
|      1488      |       1        |        1.175   |        0.000   |        5.800   |  Neg. p = 0.0160  |
|      1490      |       1        |        0.753   |        0.000   |        3.905   |  Neg. p = 0.0482  |
|      1491      |       1        |        3.968   |        0.000   |        9.979   |  Neg. p = 0.0016  |
|      1492      |       1        |        0.408   |        0.000   |        2.707   |  Neg. p = 0.0999  |
|      1493      |       1        |        0.577   |        0.000   |        3.032   |  Neg. p = 0.0817  |
|      1494      |       1        |        1.671   |        0.000   |        7.220   |  Neg. p = 0.0072  |
|      1495      |       1        |        2.316   |        0.000   |        6.151   |  Neg. p = 0.0131  |
|      1499      |       1        |        0.541   |        0.000   |        3.144   |  Neg. p = 0.0762  |
|      1500      |       1        |        1.460   |        0.000   |        6.054   |  Neg. p = 0.0139  |
|      1501      |       1        |        1.096   |        0.000   |        3.393   |  Neg. p = 0.0655  |
|      1502      |       1        |        1.266   |        0.000   |        3.596   |  Neg. p = 0.0579  |
|      1503      |       1        |        0.843   |        0.000   |        4.555   |  Neg. p = 0.0328  |
|      1504      |       1        |        1.189   |        0.000   |        5.197   |  Neg. p = 0.0226  |
|      1505      |       1        |        5.319   |        0.000   |       10.775   |  Neg. p = 0.0010  |
|      1506      |       1        |        1.578   |        0.000   |        5.502   |  Neg. p = 0.0190  |
|      1507      |       1        |        1.216   |        0.000   |        4.384   |  Neg. p = 0.0363  |
|      1508      |       1        |        2.174   |        0.000   |        6.984   |  Neg. p = 0.0082  |
|      1509      |       1        |        1.414   |        0.000   |        6.270   |  Neg. p = 0.0123  |
|      1510      |       1        |        1.275   |        0.000   |        3.566   |  Neg. p = 0.0590  |
|      1513      |       1        |        1.460   |        0.000   |        6.734   |  Neg. p = 0.0095  |
|      1514      |       1        |        3.788   |        0.237   |        4.463   |  Neg. p = 0.0346  |
|      1515      |       1        |        1.467   |        0.000   |        6.195   |  Neg. p = 0.0128  |
|      1516      |       1        |        1.502   |        0.000   |        5.384   |  Neg. p = 0.0203  |
|      1517      |       1        |        2.340   |        0.000   |        3.194   |  Neg. p = 0.0739  |
|      1523      |       1        |        2.045   |        0.000   |        7.519   |  Neg. p = 0.0061  |
|      1525      |       1        |        8.072   |        0.000   |       10.324   |  Neg. p = 0.0013  |
|      1528      |       1        |        2.315   |        0.000   |        8.193   |  Neg. p = 0.0042  |
|      1529      |       1        |        1.195   |        0.000   |        5.654   |  Neg. p = 0.0174  |
|      1530      |       1        |        3.085   |        0.000   |        4.832   |  Neg. p = 0.0279  |
|      1531      |       1        |        0.690   |        0.000   |        3.510   |  Neg. p = 0.0610  |
|      1532      |       1        |        1.583   |        0.000   |        4.550   |  Neg. p = 0.0329  |
|      1533      |       1        |        1.972   |        0.000   |        6.337   |  Neg. p = 0.0118  |
|      1535      |       1        |        0.997   |        0.000   |        4.243   |  Neg. p = 0.0394  |
|      1536      |       1        |        1.875   |        0.000   |        4.703   |  Neg. p = 0.0301  |
|      1540      |       1        |        1.912   |        0.000   |        4.905   |  Neg. p = 0.0268  |
|      1542      |       1        |        1.017   |        0.000   |        5.167   |  Neg. p = 0.0230  |
|      1543      |       1        |        0.920   |        0.000   |        4.194   |  Neg. p = 0.0406  |
|      1545      |       1        |        1.152   |        0.000   |        5.921   |  Neg. p = 0.0150  |
|      1546      |       1        |        1.138   |        0.000   |        4.031   |  Neg. p = 0.0447  |
|      1547      |       1        |        1.438   |        0.000   |        3.807   |  Neg. p = 0.0510  |
|      1548      |       1        |        1.153   |        0.000   |        5.711   |  Neg. p = 0.0169  |
|      1549      |       1        |        1.718   |        0.000   |        6.353   |  Neg. p = 0.0117  |
|      1550      |       1        |        1.802   |        0.000   |        5.114   |  Neg. p = 0.0237  |
|      1551      |       1        |        0.899   |        0.000   |        4.456   |  Neg. p = 0.0348  |
|      1553      |       1        |        2.857   |        0.000   |        9.359   |  Neg. p = 0.0022  |
|      1555      |       1        |        3.763   |        0.000   |        6.317   |  Neg. p = 0.0120  |
|      1556      |       1        |        3.206   |        0.000   |        9.314   |  Neg. p = 0.0023  |
|      1559      |       1        |        1.135   |        0.000   |        6.915   |  Neg. p = 0.0085  |
|      1562      |       1        |        2.793   |        0.000   |       12.445   |  Neg. p = 0.0004  |
|      1563      |       1        |        1.651   |        0.000   |        4.933   |  Neg. p = 0.0264  |
|      1566      |       1        |        0.986   |        0.000   |        3.974   |  Neg. p = 0.0462  |
|      1567      |       1        |        1.770   |        0.000   |        6.920   |  Neg. p = 0.0085  |
|      1568      |       1        |        1.011   |        0.000   |        3.845   |  Neg. p = 0.0499  |
|      1569      |       1        |        1.405   |        0.000   |        7.027   |  Neg. p = 0.0080  |
|      1572      |       1        |        3.272   |        0.000   |        9.113   |  Neg. p = 0.0025  |
|      1573      |       1        |        2.630   |        0.000   |        8.197   |  Neg. p = 0.0042  |
|      1574      |       1        |        1.596   |        0.000   |        5.668   |  Neg. p = 0.0173  |
|      1575      |       1        |        1.498   |        0.000   |        5.802   |  Neg. p = 0.0160  |
|      1577      |       1        |        0.490   |        0.000   |        2.956   |  Neg. p = 0.0856  |
|      1578      |       1        |        2.836   |        0.000   |        4.019   |  Neg. p = 0.0450  |
|      1580      |       1        |        1.919   |        0.000   |        6.040   |  Neg. p = 0.0140  |
|      1581      |       1        |        0.550   |        0.000   |        3.597   |  Neg. p = 0.0579  |
|      1583      |       1        |        0.949   |        0.000   |        5.376   |  Neg. p = 0.0204  |
|      1584      |       1        |        1.036   |        0.000   |        3.972   |  Neg. p = 0.0462  |
|      1587      |       1        |        2.400   |        0.000   |        6.412   |  Neg. p = 0.0113  |
|      1591      |       1        |        1.237   |        0.000   |        6.118   |  Neg. p = 0.0134  |
|      1592      |       1        |        0.942   |        0.000   |        3.615   |  Neg. p = 0.0573  |
|      1593      |       1        |        1.050   |        0.000   |        3.400   |  Neg. p = 0.0652  |
|      1596      |       1        |        0.939   |        0.000   |        3.080   |  Neg. p = 0.0793  |
|      1597      |       1        |        1.768   |        0.000   |        4.384   |  Neg. p = 0.0363  |
|      1599      |       1        |        0.696   |        0.000   |        3.682   |  Neg. p = 0.0550  |
|      1600      |       1        |        2.085   |        0.000   |        7.091   |  Neg. p = 0.0077  |
|      1601      |       1        |        0.555   |        0.000   |        3.355   |  Neg. p = 0.0670  |
|      1602      |       1        |        1.354   |        0.000   |        5.055   |  Neg. p = 0.0245  |
|      1603      |       1        |        1.849   |        0.000   |        7.816   |  Neg. p = 0.0052  |
|      1604      |       1        |        1.075   |        0.000   |        5.276   |  Neg. p = 0.0216  |
|      1606      |       1        |        0.953   |        0.000   |        3.432   |  Neg. p = 0.0640  |
|      1607      |       1        |        3.580   |        0.000   |        7.316   |  Neg. p = 0.0068  |
|      1609      |       1        |        0.912   |        0.000   |        3.373   |  Neg. p = 0.0663  |
|      1610      |       1        |        1.007   |        0.000   |        3.738   |  Neg. p = 0.0532  |
|      1611      |       1        |        0.918   |        0.000   |        5.273   |  Neg. p = 0.0217  |
|      1612      |       1        |    10000.000   |        0.000   |        4.319   |  Neg. p = 0.0377  |
|      1613      |       1        |        1.802   |        0.000   |        7.213   |  Neg. p = 0.0072  |
|      1615      |       1        |        1.808   |        0.000   |        4.368   |  Neg. p = 0.0366  |
|      1616      |       1        |        0.605   |        0.000   |        3.377   |  Neg. p = 0.0661  |
|      1618      |       1        |        6.337   |        0.000   |       10.660   |  Neg. p = 0.0011  |
|      1621      |       1        |        1.670   |        0.000   |        5.017   |  Neg. p = 0.0251  |
|      1625      |       1        |        7.998   |        0.000   |       12.804   |  Neg. p = 0.0003  |
|      1627      |       1        |        0.874   |        0.000   |        4.095   |  Neg. p = 0.0430  |
|      1628      |       1        |        0.662   |        0.000   |        3.870   |  Neg. p = 0.0492  |
|      1629      |       1        |        1.451   |        0.000   |        7.124   |  Neg. p = 0.0076  |
|      1630      |       1        |        2.478   |        0.000   |        9.887   |  Neg. p = 0.0017  |
|      1632      |       1        |        2.065   |        0.000   |        6.174   |  Neg. p = 0.0130  |
|      1633      |       1        |        0.787   |        0.000   |        3.503   |  Neg. p = 0.0613  |
|      1638      |       1        |        1.869   |        0.000   |        5.907   |  Neg. p = 0.0151  |
|      1645      |       1        |        0.792   |        0.000   |        2.851   |  Neg. p = 0.0913  |
|      1647      |       1        |        2.430   |        0.000   |        8.148   |  Neg. p = 0.0043  |
|      1648      |       1        |        1.045   |        0.000   |        3.644   |  Neg. p = 0.0563  |
|      1649      |       1        |        4.107   |        0.000   |        7.590   |  Neg. p = 0.0059  |
|      1651      |       1        |        2.056   |        0.000   |        6.349   |  Neg. p = 0.0117  |
|      1652      |       1        |        1.939   |        0.000   |        5.593   |  Neg. p = 0.0180  |
|      1653      |       1        |        3.372   |        0.000   |        9.906   |  Neg. p = 0.0016  |
|      1654      |       1        |        1.370   |        0.000   |        4.365   |  Neg. p = 0.0367  |
|      1655      |       1        |        3.617   |        0.000   |        6.364   |  Neg. p = 0.0116  |
|      1658      |       1        |        3.955   |        0.000   |        7.456   |  Neg. p = 0.0063  |
|      1659      |       1        |        1.730   |        0.000   |        4.277   |  Neg. p = 0.0386  |
|      1661      |       1        |        2.370   |        0.000   |        6.442   |  Neg. p = 0.0111  |
|      1666      |       1        |        1.473   |        0.000   |        4.172   |  Neg. p = 0.0411  |
|      1667      |       1        |        1.044   |        0.000   |        3.584   |  Neg. p = 0.0584  |
|      1668      |       1        |        3.117   |        0.000   |        7.401   |  Neg. p = 0.0065  |
|      1669      |       1        |        0.874   |        0.000   |        4.870   |  Neg. p = 0.0273  |
|      1670      |       1        |        0.842   |        0.000   |        4.858   |  Neg. p = 0.0275  |
|      1671      |       1        |        1.564   |        0.000   |        4.271   |  Neg. p = 0.0388  |
|      1672      |       1        |        0.488   |        0.000   |        3.019   |  Neg. p = 0.0823  |
|      1673      |       1        |        1.886   |        0.000   |        5.938   |  Neg. p = 0.0148  |
|      1674      |       1        |        1.931   |        0.000   |        6.923   |  Neg. p = 0.0085  |
|      1677      |       1        |        3.229   |        0.000   |        7.571   |  Neg. p = 0.0059  |
|      1678      |       1        |        0.749   |        0.000   |        4.842   |  Neg. p = 0.0278  |
|      1679      |       1        |        2.169   |        0.000   |        6.191   |  Neg. p = 0.0128  |
|      1680      |       1        |        3.328   |        0.000   |        8.463   |  Neg. p = 0.0036  |
|      1681      |       1        |        2.433   |        0.000   |        5.276   |  Neg. p = 0.0216  |
|      1682      |       1        |        2.403   |        0.000   |        6.183   |  Neg. p = 0.0129  |
|      1683      |       1        |        1.372   |        0.000   |        5.127   |  Neg. p = 0.0236  |
|      1685      |       1        |        0.919   |        0.000   |        3.291   |  Neg. p = 0.0696  |
|      1686      |       1        |        1.075   |        0.000   |        4.641   |  Neg. p = 0.0312  |
|      1690      |       1        |        0.692   |        0.000   |        3.124   |  Neg. p = 0.0772  |
|      1692      |       1        |        2.667   |        0.000   |        9.432   |  Neg. p = 0.0021  |
|      1696      |       1        |        3.847   |        0.000   |       10.112   |  Neg. p = 0.0015  |
|      1700      |       1        |        1.399   |        0.000   |        3.684   |  Neg. p = 0.0550  |
|      1702      |       1        |        1.089   |        0.000   |        4.093   |  Neg. p = 0.0431  |
|      1703      |       1        |        5.017   |        0.000   |       13.142   |  Neg. p = 0.0003  |
|      1704      |       1        |        0.936   |        0.000   |        5.114   |  Neg. p = 0.0237  |
|      1705      |       1        |        0.992   |        0.000   |        5.927   |  Neg. p = 0.0149  |
|      1707      |       1        |        1.319   |        0.000   |        4.783   |  Neg. p = 0.0287  |
|      1708      |       1        |        2.521   |        0.000   |        8.153   |  Neg. p = 0.0043  |
|      1709      |       1        |        0.789   |        0.000   |        3.449   |  Neg. p = 0.0633  |
|      1710      |       1        |        1.522   |        0.000   |        4.724   |  Neg. p = 0.0297  |
|      1713      |       1        |        1.148   |        0.000   |        5.187   |  Neg. p = 0.0228  |
|      1716      |       1        |        1.081   |        0.000   |        4.979   |  Neg. p = 0.0257  |
|      1717      |       1        |        2.203   |        0.000   |        5.090   |  Neg. p = 0.0241  |
|      1718      |       1        |        2.875   |        0.000   |        9.036   |  Neg. p = 0.0026  |
|      1719      |       1        |        1.364   |        0.000   |        3.568   |  Neg. p = 0.0589  |
|      1720      |       1        |        1.845   |        0.000   |        6.000   |  Neg. p = 0.0143  |
|      1721      |       1        |        2.892   |        0.002   |        7.149   |  Neg. p = 0.0075  |
|      1723      |       1        |        1.316   |        0.000   |        6.328   |  Neg. p = 0.0119  |
|      1727      |       1        |        1.523   |        0.000   |        4.232   |  Neg. p = 0.0397  |
|      1728      |       1        |        0.577   |        0.000   |        3.190   |  Neg. p = 0.0741  |
|      1729      |       1        |        2.096   |        0.000   |        7.997   |  Neg. p = 0.0047  |
|      1730      |       1        |        2.470   |        0.000   |        9.880   |  Neg. p = 0.0017  |
|      1731      |       1        |        0.701   |        0.000   |        4.661   |  Neg. p = 0.0309  |
|      1732      |       1        |        4.562   |        0.000   |       12.158   |  Neg. p = 0.0005  |
|      1733      |       1        |        1.405   |        0.000   |        5.253   |  Neg. p = 0.0219  |
|      1734      |       1        |        2.225   |        0.000   |        6.792   |  Neg. p = 0.0092  |
|      1736      |       1        |        2.836   |        0.000   |        3.671   |  Neg. p = 0.0554  |
|      1737      |       1        |        1.165   |        0.000   |        5.971   |  Neg. p = 0.0145  |
|      1738      |       1        |        1.678   |        0.000   |        4.875   |  Neg. p = 0.0273  |
|      1739      |       1        |        1.534   |        0.000   |        4.957   |  Neg. p = 0.0260  |
|      1741      |       1        |        1.423   |        0.000   |        6.908   |  Neg. p = 0.0086  |
|      1742      |       1        |        1.919   |        0.000   |        7.833   |  Neg. p = 0.0051  |
|      1748      |       1        |        2.671   |        0.000   |        6.694   |  Neg. p = 0.0097  |
|      1751      |       1        |        0.947   |        0.000   |        3.029   |  Neg. p = 0.0818  |
|      1753      |       1        |        1.744   |        0.000   |        6.894   |  Neg. p = 0.0087  |
|      1754      |       1        |        1.786   |        0.000   |        4.384   |  Neg. p = 0.0363  |
|      1755      |       1        |        1.019   |        0.000   |        4.084   |  Neg. p = 0.0433  |
|      1756      |       1        |        1.923   |        0.000   |        8.560   |  Neg. p = 0.0034  |
|      1757      |       1        |        2.911   |        0.000   |       10.127   |  Neg. p = 0.0015  |
|      1758      |       1        |        0.729   |        0.000   |        3.799   |  Neg. p = 0.0513  |
|      1759      |       1        |        0.514   |        0.000   |        3.563   |  Neg. p = 0.0591  |
|      1760      |       1        |        2.721   |        0.000   |        6.817   |  Neg. p = 0.0090  |
|      1761      |       1        |        1.295   |        0.000   |        4.049   |  Neg. p = 0.0442  |
|      1762      |       1        |        1.344   |        0.000   |        3.046   |  Neg. p = 0.0809  |
|      1763      |       1        |        0.920   |        0.000   |        4.277   |  Neg. p = 0.0386  |
|      1765      |       1        |        0.806   |        0.000   |        4.293   |  Neg. p = 0.0383  |
|      1766      |       1        |        2.057   |        0.000   |        5.774   |  Neg. p = 0.0163  |
|      1771      |       1        |        0.548   |        0.000   |        2.929   |  Neg. p = 0.0870  |
|      1772      |       1        |        0.986   |        0.000   |        3.637   |  Neg. p = 0.0565  |
|      1775      |       1        |        3.416   |        0.000   |        7.487   |  Neg. p = 0.0062  |
|      1778      |       1        |        3.205   |        0.000   |        7.525   |  Neg. p = 0.0061  |
|      1779      |       1        |        1.478   |        0.000   |        6.027   |  Neg. p = 0.0141  |
|      1781      |       1        |        0.714   |        0.000   |        3.706   |  Neg. p = 0.0542  |
|      1782      |       1        |        0.558   |        0.000   |        2.982   |  Neg. p = 0.0842  |
|      1785      |       1        |        1.373   |        0.000   |        4.177   |  Neg. p = 0.0410  |
|      1786      |       1        |        2.817   |        0.000   |        6.019   |  Neg. p = 0.0142  |
|      1788      |       1        |        1.561   |        0.000   |        4.888   |  Neg. p = 0.0270  |
|      1790      |       1        |        0.541   |        0.000   |        3.198   |  Neg. p = 0.0737  |
|      1791      |       1        |        0.957   |        0.000   |        4.961   |  Neg. p = 0.0259  |
|      1794      |       1        |        1.536   |        0.000   |        5.333   |  Neg. p = 0.0209  |
|      1796      |       1        |        2.057   |        0.000   |        6.319   |  Neg. p = 0.0119  |
|      1797      |       1        |        1.393   |        0.000   |        4.536   |  Neg. p = 0.0332  |
|      1798      |       1        |        1.723   |        0.000   |        6.681   |  Neg. p = 0.0097  |
|      1799      |       1        |        0.880   |        0.000   |        2.929   |  Neg. p = 0.0870  |
|      1801      |       1        |        1.569   |        0.000   |        6.053   |  Neg. p = 0.0139  |
|      1802      |       1        |        2.776   |        0.000   |        3.486   |  Neg. p = 0.0619  |
|      1806      |       1        |        1.037   |        0.000   |        3.982   |  Neg. p = 0.0460  |
|      1807      |       1        |        1.052   |        0.000   |        6.062   |  Neg. p = 0.0138  |
|      1808      |       1        |        1.346   |        0.000   |        2.830   |  Neg. p = 0.0925  |
|      1809      |       1        |        2.377   |        0.000   |        8.087   |  Neg. p = 0.0045  |
|      1810      |       1        |        0.834   |        0.000   |        4.975   |  Neg. p = 0.0257  |
|      1811      |       1        |        0.709   |        0.000   |        2.778   |  Neg. p = 0.0956  |
|      1812      |       1        |        2.485   |        0.000   |        7.729   |  Neg. p = 0.0054  |
|      1813      |       1        |        0.560   |        0.000   |        2.874   |  Neg. p = 0.0900  |
|      1818      |       1        |        2.088   |        0.000   |        6.951   |  Neg. p = 0.0084  |
|      1820      |       1        |        0.646   |        0.000   |        3.846   |  Neg. p = 0.0499  |
|      1822      |       1        |        2.741   |        0.000   |        9.888   |  Neg. p = 0.0017  |
|      1823      |       1        |        2.163   |        0.000   |        7.897   |  Neg. p = 0.0050  |
|      1824      |       1        |        1.258   |        0.000   |        7.735   |  Neg. p = 0.0054  |
|      1825      |       1        |        0.786   |        0.000   |        4.731   |  Neg. p = 0.0296  |
|      1826      |       1        |        0.904   |        0.000   |        3.639   |  Neg. p = 0.0564  |
|      1827      |       1        |        0.867   |        0.000   |        2.986   |  Neg. p = 0.0840  |
|      1828      |       1        |        2.398   |        0.176   |        6.190   |  Neg. p = 0.0128  |
|      1829      |       1        |        0.890   |        0.000   |        3.884   |  Neg. p = 0.0487  |
|      1830      |       1        |        1.891   |        0.000   |        4.099   |  Neg. p = 0.0429  |
|      1833      |       1        |        1.013   |        0.000   |        3.430   |  Neg. p = 0.0640  |
|      1835      |       1        |        2.057   |        0.000   |        7.377   |  Neg. p = 0.0066  |
|      1837      |       1        |        0.853   |        0.000   |        3.628   |  Neg. p = 0.0568  |
|      1838      |       1        |        1.051   |        0.000   |        2.921   |  Neg. p = 0.0874  |
|      1840      |       1        |        2.542   |        0.000   |        2.744   |  Neg. p = 0.0976  |
|      1841      |       1        |        1.578   |        0.000   |        6.503   |  Neg. p = 0.0108  |
|      1843      |       1        |        0.991   |        0.000   |        6.531   |  Neg. p = 0.0106  |
|      1849      |       1        |        1.389   |        0.000   |        4.815   |  Neg. p = 0.0282  |
|      1851      |       1        |        5.785   |        0.000   |        8.310   |  Neg. p = 0.0039  |
|      1852      |       1        |        1.190   |        0.000   |        5.293   |  Neg. p = 0.0214  |
|      1853      |       1        |        0.751   |        0.000   |        4.674   |  Neg. p = 0.0306  |
|      1854      |       1        |        1.536   |        0.000   |        6.526   |  Neg. p = 0.0106  |
|      1855      |       1        |        0.967   |        0.000   |        3.797   |  Neg. p = 0.0513  |
|      1856      |       1        |        0.874   |        0.000   |        3.002   |  Neg. p = 0.0832  |
|      1857      |       1        |        1.948   |        0.000   |        5.321   |  Neg. p = 0.0211  |
|      1858      |       1        |        0.774   |        0.000   |        4.423   |  Neg. p = 0.0355  |
|      1860      |       1        |        3.201   |        0.000   |       11.517   |  Neg. p = 0.0007  |
|      1862      |       1        |        0.648   |        0.000   |        2.957   |  Neg. p = 0.0855  |
|      1863      |       1        |        1.009   |        0.000   |        4.872   |  Neg. p = 0.0273  |
|      1864      |       1        |        2.151   |        0.000   |        5.729   |  Neg. p = 0.0167  |
|      1868      |       1        |        1.835   |        0.000   |        7.182   |  Neg. p = 0.0074  |
|      1869      |       1        |        1.357   |        0.000   |        2.762   |  Neg. p = 0.0966  |
|      1870      |       1        |        1.095   |        0.000   |        3.495   |  Neg. p = 0.0615  |
|      1872      |       1        |        1.333   |        0.000   |        5.003   |  Neg. p = 0.0253  |
|      1874      |       1        |        3.667   |        0.000   |       11.661   |  Neg. p = 0.0006  |
|      1875      |       1        |        0.784   |        0.000   |        3.583   |  Neg. p = 0.0584  |
|      1876      |       1        |        0.792   |        0.000   |        4.424   |  Neg. p = 0.0354  |
|      1878      |       1        |        0.852   |        0.000   |        4.001   |  Neg. p = 0.0455  |
|      1880      |       1        |        2.005   |        0.000   |        4.770   |  Neg. p = 0.0290  |
|      1881      |       1        |        1.102   |        0.000   |        4.065   |  Neg. p = 0.0438  |
|      1885      |       1        |        0.748   |        0.000   |        3.862   |  Neg. p = 0.0494  |
|      1886      |       1        |       11.818   |        0.000   |       12.547   |  Neg. p = 0.0004  |
|      1888      |       1        |        1.877   |        0.000   |        2.768   |  Neg. p = 0.0962  |
|      1889      |       1        |        1.831   |        0.001   |        6.638   |  Neg. p = 0.0100  |
|      1891      |       1        |        0.923   |        0.000   |        6.323   |  Neg. p = 0.0119  |
|      1892      |       1        |        2.173   |        0.000   |        7.605   |  Neg. p = 0.0058  |
|      1894      |       1        |        0.683   |        0.000   |        3.382   |  Neg. p = 0.0659  |
|      1895      |       1        |        1.042   |        0.000   |        4.502   |  Neg. p = 0.0339  |
|      1896      |       1        |        1.029   |        0.000   |        3.995   |  Neg. p = 0.0456  |
|      1897      |       1        |        1.654   |        0.000   |        8.451   |  Neg. p = 0.0036  |
|      1900      |       1        |        4.377   |        0.000   |        9.812   |  Neg. p = 0.0017  |
|      1901      |       1        |        1.169   |        0.000   |        4.516   |  Neg. p = 0.0336  |
|      1903      |       1        |        2.319   |        0.000   |        6.466   |  Neg. p = 0.0110  |
|      1907      |       1        |        0.996   |        0.000   |        4.882   |  Neg. p = 0.0271  |
|      1908      |       1        |        1.517   |        0.000   |        8.185   |  Neg. p = 0.0042  |
|      1909      |       1        |        0.504   |        0.000   |        2.901   |  Neg. p = 0.0885  |
|      1910      |       1        |        0.345   |        0.000   |        3.049   |  Neg. p = 0.0808  |
|      1913      |       1        |        0.874   |        0.000   |        4.916   |  Neg. p = 0.0266  |
|      1914      |       1        |        2.581   |        0.000   |        4.782   |  Neg. p = 0.0288  |
|      1915      |       1        |        2.365   |        0.000   |        8.057   |  Neg. p = 0.0045  |
|      1916      |       1        |        1.976   |        0.000   |        5.802   |  Neg. p = 0.0160  |
|      1917      |       1        |        1.885   |        0.000   |        7.176   |  Neg. p = 0.0074  |
|      1919      |       1        |        6.036   |        0.000   |        8.506   |  Neg. p = 0.0035  |
|      1921      |       1        |        1.392   |        0.000   |        5.170   |  Neg. p = 0.0230  |
|      1922      |       1        |        1.441   |        0.000   |        4.501   |  Neg. p = 0.0339  |
|      1923      |       1        |        2.353   |        0.000   |        7.757   |  Neg. p = 0.0053  |
|      1925      |       1        |        0.705   |        0.000   |        2.988   |  Neg. p = 0.0839  |
|      1926      |       1        |        2.409   |        0.000   |        6.122   |  Neg. p = 0.0133  |
|      1934      |       1        |        2.717   |        0.000   |        6.006   |  Neg. p = 0.0143  |
|      1935      |       1        |        0.853   |        0.000   |        4.970   |  Neg. p = 0.0258  |
|      1936      |       1        |        0.805   |        0.000   |        5.090   |  Neg. p = 0.0241  |
|      1937      |       1        |        3.537   |        0.000   |        6.191   |  Neg. p = 0.0128  |
|      1939      |       1        |        1.438   |        0.000   |        4.144   |  Neg. p = 0.0418  |
|      1940      |       1        |        2.331   |        0.000   |        3.551   |  Neg. p = 0.0595  |
|      1943      |       1        |        0.721   |        0.000   |        4.644   |  Neg. p = 0.0312  |
|      1944      |       1        |        0.696   |        0.000   |        3.325   |  Neg. p = 0.0682  |
|      1945      |       1        |        1.847   |        0.000   |        7.641   |  Neg. p = 0.0057  |
|      1948      |       1        |        0.707   |        0.000   |        3.725   |  Neg. p = 0.0536  |
|      1949      |       1        |        1.159   |        0.000   |        3.923   |  Neg. p = 0.0476  |
|      1952      |       1        |        0.929   |        0.000   |        4.559   |  Neg. p = 0.0327  |
|      1954      |       1        |        0.542   |        0.000   |        3.362   |  Neg. p = 0.0667  |
|      1955      |       1        |        2.927   |        0.000   |        3.111   |  Neg. p = 0.0778  |
|      1956      |       1        |        0.727   |        0.000   |        3.835   |  Neg. p = 0.0502  |
|      1957      |       1        |        2.459   |        0.000   |        8.752   |  Neg. p = 0.0031  |
|      1958      |       1        |        1.309   |        0.000   |        5.538   |  Neg. p = 0.0186  |
|      1960      |       1        |        0.710   |        0.000   |        3.486   |  Neg. p = 0.0619  |
|      1963      |       1        |        0.800   |        0.000   |        4.152   |  Neg. p = 0.0416  |
|      1964      |       1        |        0.599   |        0.000   |        2.763   |  Neg. p = 0.0964  |
|      1969      |       1        |        1.033   |        0.000   |        4.056   |  Neg. p = 0.0440  |
|      1971      |       1        |       10.699   |        0.000   |       11.424   |  Neg. p = 0.0007  |
|      1974      |       1        |        0.781   |        0.000   |        3.741   |  Neg. p = 0.0531  |
|      1976      |       1        |        2.580   |        0.000   |        3.755   |  Neg. p = 0.0526  |
|      1977      |       1        |        1.346   |        0.000   |        3.147   |  Neg. p = 0.0761  |
|      1978      |       1        |        3.480   |        0.000   |       10.140   |  Neg. p = 0.0015  |
|      1980      |       1        |        1.845   |        0.000   |        6.634   |  Neg. p = 0.0100  |
|      1983      |       1        |        1.161   |        0.000   |        4.639   |  Neg. p = 0.0313  |
|      1985      |       1        |        1.029   |        0.000   |        5.394   |  Neg. p = 0.0202  |
|      1987      |       1        |        1.136   |        0.000   |        5.015   |  Neg. p = 0.0251  |
|      1988      |       1        |        2.023   |        0.000   |        6.048   |  Neg. p = 0.0139  |
|      1991      |       1        |        1.164   |        0.000   |        4.428   |  Neg. p = 0.0354  |
|      1994      |       1        |        0.974   |        0.000   |        3.397   |  Neg. p = 0.0653  |
|      1995      |       1        |        1.362   |        0.000   |        3.690   |  Neg. p = 0.0547  |
|      1996      |       1        |        3.464   |        0.000   |        9.293   |  Neg. p = 0.0023  |
|      1997      |       1        |        1.266   |        0.000   |        3.130   |  Neg. p = 0.0769  |
|      1998      |       1        |        1.496   |        0.000   |        4.384   |  Neg. p = 0.0363  |
|      2000      |       1        |        1.794   |        0.000   |        5.422   |  Neg. p = 0.0199  |
|      2001      |       1        |        0.761   |        0.000   |        3.280   |  Neg. p = 0.0701  |
|      2002      |       1        |        1.345   |        0.000   |        5.629   |  Neg. p = 0.0177  |
|      2003      |       1        |        0.940   |        0.000   |        3.080   |  Neg. p = 0.0793  |
|      2004      |       1        |        4.869   |        0.000   |        9.523   |  Neg. p = 0.0020  |
|      2005      |       1        |        2.788   |        0.000   |        6.996   |  Neg. p = 0.0082  |
|      2006      |       1        |        0.720   |        0.000   |        3.309   |  Neg. p = 0.0689  |
|      2010      |       1        |        0.855   |        0.000   |        3.696   |  Neg. p = 0.0546  |
|      2013      |       1        |        1.263   |        0.000   |        5.332   |  Neg. p = 0.0209  |
|      2015      |       1        |        1.085   |        0.000   |        4.323   |  Neg. p = 0.0376  |
|      2017      |       1        |        1.378   |        0.000   |        3.920   |  Neg. p = 0.0477  |
|      2019      |       1        |        1.042   |        0.000   |        3.491   |  Neg. p = 0.0617  |
|      2020      |       1        |        0.949   |        0.000   |        5.080   |  Neg. p = 0.0242  |
|      2021      |       1        |        1.954   |        0.000   |        4.870   |  Neg. p = 0.0273  |
|      2022      |       1        |        1.438   |        0.000   |        5.687   |  Neg. p = 0.0171  |
|      2024      |       1        |        1.810   |        0.000   |        4.983   |  Neg. p = 0.0256  |
|      2025      |       1        |        1.424   |        0.000   |        5.208   |  Neg. p = 0.0225  |
|      2026      |       1        |        1.708   |        0.000   |        5.829   |  Neg. p = 0.0158  |
|      2027      |       1        |        0.815   |        0.000   |        2.975   |  Neg. p = 0.0846  |
|      2030      |       1        |        1.057   |        0.000   |        4.460   |  Neg. p = 0.0347  |
|      2031      |       1        |        0.718   |        0.000   |        3.451   |  Neg. p = 0.0632  |
|      2032      |       1        |        1.001   |        0.000   |        4.245   |  Neg. p = 0.0394  |
|      2033      |       1        |        1.423   |        0.000   |        6.581   |  Neg. p = 0.0103  |
|      2034      |       1        |        1.897   |        0.000   |        6.666   |  Neg. p = 0.0098  |
|      2035      |       1        |        1.003   |        0.000   |        3.069   |  Neg. p = 0.0798  |
|      2036      |       1        |        1.017   |        0.000   |        3.861   |  Neg. p = 0.0494  |
|      2037      |       1        |        0.580   |        0.000   |        3.908   |  Neg. p = 0.0481  |
|      2038      |       1        |        1.802   |        0.000   |        6.362   |  Neg. p = 0.0117  |
|      2042      |       1        |        3.787   |        0.000   |        7.254   |  Neg. p = 0.0071  |
|      2043      |       1        |        4.470   |        0.000   |       11.863   |  Neg. p = 0.0006  |
|      2045      |       1        |        1.046   |        0.000   |        4.169   |  Neg. p = 0.0412  |
|      2046      |       1        |        2.173   |        0.000   |        8.832   |  Neg. p = 0.0030  |
|      2048      |       1        |        0.535   |        0.000   |        3.058   |  Neg. p = 0.0803  |
|      2049      |       1        |        1.650   |        0.000   |        6.928   |  Neg. p = 0.0085  |
|      2050      |       1        |        1.162   |        0.000   |        4.563   |  Neg. p = 0.0327  |
|      2051      |       1        |        1.117   |        0.000   |        5.007   |  Neg. p = 0.0252  |
|      2052      |       1        |        1.343   |        0.000   |        5.641   |  Neg. p = 0.0175  |
|      2053      |       1        |        1.283   |        0.002   |        3.948   |  Neg. p = 0.0469  |
|      2054      |       1        |        1.619   |        0.000   |        5.964   |  Neg. p = 0.0146  |
|      2059      |       1        |        2.011   |        0.000   |        6.611   |  Neg. p = 0.0101  |
|      2060      |       1        |        0.665   |        0.000   |        3.406   |  Neg. p = 0.0650  |
|      2062      |       1        |        2.678   |        0.000   |        7.406   |  Neg. p = 0.0065  |
|      2064      |       1        |        1.552   |        0.000   |        7.032   |  Neg. p = 0.0080  |
|      2065      |       1        |        2.032   |        0.000   |        6.215   |  Neg. p = 0.0127  |
|      2066      |       1        |        0.975   |        0.000   |        3.241   |  Neg. p = 0.0718  |
|      2071      |       1        |        1.783   |        0.000   |        5.508   |  Neg. p = 0.0189  |
|      2072      |       1        |        4.145   |        0.000   |        9.960   |  Neg. p = 0.0016  |
|      2073      |       1        |        2.500   |        0.000   |        8.349   |  Neg. p = 0.0039  |
|      2074      |       1        |        2.418   |        0.000   |        6.473   |  Neg. p = 0.0110  |
|      2075      |       1        |        0.850   |        0.000   |        3.515   |  Neg. p = 0.0608  |
|      2077      |       1        |        0.781   |        0.000   |        4.574   |  Neg. p = 0.0325  |
|      2078      |       1        |        1.238   |        0.000   |        5.812   |  Neg. p = 0.0159  |
|      2082      |       1        |        2.324   |        0.000   |        6.733   |  Neg. p = 0.0095  |
|      2083      |       1        |        1.861   |        0.000   |        8.747   |  Neg. p = 0.0031  |
|      2085      |       1        |        5.357   |        0.000   |       11.115   |  Neg. p = 0.0009  |
|      2086      |       1        |        0.947   |        0.000   |        3.249   |  Neg. p = 0.0715  |
|      2088      |       1        |        2.334   |        0.000   |        5.915   |  Neg. p = 0.0150  |
|      2089      |       1        |        1.335   |        0.000   |        5.377   |  Neg. p = 0.0204  |
|      2090      |       1        |        4.476   |        0.000   |        9.231   |  Neg. p = 0.0024  |
|      2092      |       1        |        0.905   |        0.000   |        3.932   |  Neg. p = 0.0474  |
|      2093      |       1        |        1.302   |        0.000   |        5.485   |  Neg. p = 0.0192  |
|      2094      |       1        |        1.066   |        0.000   |        4.133   |  Neg. p = 0.0421  |
|      2095      |       1        |        0.913   |        0.000   |        4.738   |  Neg. p = 0.0295  |
|      2097      |       1        |        0.894   |        0.000   |        4.292   |  Neg. p = 0.0383  |
|      2100      |       1        |        3.108   |        0.000   |       10.073   |  Neg. p = 0.0015  |
|      2101      |       1        |        2.161   |        0.000   |        5.379   |  Neg. p = 0.0204  |
|      2103      |       1        |        1.019   |        0.000   |        4.285   |  Neg. p = 0.0384  |
|      2104      |       1        |        3.059   |        0.000   |        9.375   |  Neg. p = 0.0022  |
|      2107      |       1        |        1.779   |        0.000   |        4.675   |  Neg. p = 0.0306  |
|      2108      |       1        |       10.373   |        0.000   |        9.670   |  Neg. p = 0.0019  |
|      2109      |       1        |        0.000   |        1.067   |        3.454   |  Pos. p = 0.0631  |
|      2110      |       1        |        1.617   |        0.000   |        5.273   |  Neg. p = 0.0217  |
|      2112      |       1        |        1.365   |        0.000   |        3.816   |  Neg. p = 0.0508  |
|      2115      |       1        |        2.632   |        0.000   |        7.068   |  Neg. p = 0.0078  |
|      2117      |       1        |        1.385   |        0.000   |        4.105   |  Neg. p = 0.0427  |
|      2118      |       1        |        1.126   |        0.000   |        4.036   |  Neg. p = 0.0445  |
|      2120      |       1        |        0.817   |        0.000   |        3.054   |  Neg. p = 0.0805  |
|      2121      |       1        |        2.888   |        0.000   |        7.063   |  Neg. p = 0.0079  |
|      2122      |       1        |        1.546   |        0.000   |        8.187   |  Neg. p = 0.0042  |
|      2125      |       1        |        0.842   |        0.000   |        3.424   |  Neg. p = 0.0643  |
|      2126      |       1        |        0.816   |        0.000   |        5.088   |  Neg. p = 0.0241  |
|      2127      |       1        |        0.929   |        0.000   |        5.188   |  Neg. p = 0.0227  |
|      2129      |       1        |        0.878   |        0.000   |        3.955   |  Neg. p = 0.0467  |
|      2131      |       1        |        2.575   |        0.000   |        8.655   |  Neg. p = 0.0033  |
|      2132      |       1        |        1.236   |        0.000   |        6.121   |  Neg. p = 0.0134  |
|      2133      |       1        |        3.185   |        0.000   |       11.165   |  Neg. p = 0.0008  |
|      2136      |       1        |        1.492   |        0.000   |        6.664   |  Neg. p = 0.0098  |
|      2138      |       1        |        0.730   |        0.000   |        3.765   |  Neg. p = 0.0523  |
|      2139      |       1        |        2.990   |        0.000   |        8.802   |  Neg. p = 0.0030  |
|      2140      |       1        |        0.621   |        0.000   |        2.798   |  Neg. p = 0.0944  |
|      2141      |       1        |        1.451   |        0.000   |        6.005   |  Neg. p = 0.0143  |
|      2142      |       1        |        0.472   |        0.000   |        3.280   |  Neg. p = 0.0701  |
|      2144      |       1        |        2.548   |        0.000   |        9.130   |  Neg. p = 0.0025  |
|      2145      |       1        |        0.622   |        0.000   |        5.158   |  Neg. p = 0.0231  |
|      2147      |       1        |        0.902   |        0.000   |        4.860   |  Neg. p = 0.0275  |
|      2149      |       1        |        0.665   |        0.000   |        3.294   |  Neg. p = 0.0696  |
|      2150      |       1        |        0.931   |        0.000   |        4.643   |  Neg. p = 0.0312  |
|      2151      |       1        |        0.459   |        0.000   |        2.807   |  Neg. p = 0.0938  |
|      2152      |       1        |        1.189   |        0.000   |        5.539   |  Neg. p = 0.0186  |

### ** Found _2_ sites under pervasive positive diversifying and _1293_ sites under negative selection at p <= 0.1**
