
Analysis Description
--------------------
FEL (Fixed Effects Likelihood) estimates site-wise synonymous (&alpha;)
and non-synonymous (&beta;) rates, and uses a likelihood ratio test to
determine if beta &neq; alpha at a site. The estimates aggregate
information over all branches, so the signal is derived from pervasive
diversification or conservation. A subset of branches can be selected
for testing as well, in which case an additional (nuisance) parameter
will be inferred -- the non-synonymous rate on branches NOT selected for
testing. Multiple partitions within a NEXUS file are also supported for
recombination - aware analysis. Version 2.5 adds MH support. Version 2.6
adds substitution mapping. 

- __Requirements__: in-frame codon alignment and a phylogenetic tree

- __Citation__: Not So Different After All: A Comparison of Methods for Detecting Amino
Acid Sites Under Selection (2005). _Mol Biol Evol_ 22 (5): 1208-1222

- __Written by__: Sergei L Kosakovsky Pond and Simon DW Frost

- __Contact Information__: spond@temple.edu

- __Analysis Version__: 2.6


>code => Universal

-------
>[WARNING]
'/Users/agl4001/Documents/hantavirus_selection_analysis/results/ANDV_trees_aln-hyphy/inputs/L.hyphy_ready.fasta'
contains 24 duplicate sequences. Identical sequences do not contribute
any information to the analysis and only slow down computation. Please
consider removing duplicate or 'nearly' duplicate sequences, e.g. using
https://github.com/veg/hyphy-analyses/tree/master/remove-duplicates
prior to running selection analyses
-------
/Users/agl4001/Documents/hantavirus_selection_analysis/results/ANDV_trees_aln-hyphy/inputs/L_ANDVstems.hyphy_ready.treefile
results/ANDV_trees_aln-hyphy/inputs/L_ANDVstems.hyphy_ready.treefile

>Loaded a multiple sequence alignment with **69** sequences, **2153** codons, and **1** partitions from `/Users/agl4001/Documents/hantavirus_selection_analysis/results/ANDV_trees_aln-hyphy/inputs/L.hyphy_ready.fasta`

>branches => Foreground

>srv => Yes

>multiple-hits => None

>Select the p-value threshold to use when testing for selection (permissible range = [0,1], default value = 0.1): 
>pvalue => 0.1

>ci => No
Only analyze sites whose 1-based indices match the following list (null to skip) : 
>limit-to-sites => null
For sites whose 1-based indices match the following list, write out likelihood function snapshots (null string to skip) : 
>save-lf-for-sites => null

>[Advanced setting, will result in MUCH SLOWER run time] Perform parametric bootstrap resampling to derive site-level null LRT distributions up to this many replicates per site. Recommended use for small to medium (<30 sequences) datasets (permissible range = [0,1000], default value = 50, integer): 
>resample => 0


### Branches to include in the FEL analysis
Selected 9 branches to include in FEL calculations: `Node37, Node46, Node59, Node45, Node72, Node44, Node42, Node36, Node34`

>precision => standard


### Obtaining branch lengths and nucleotide substitution biases under the nucleotide GTR model

>kill-zero-lengths => Yes

### Deleted 29 zero-length internal branches: `Node100, Node102, Node104, Node106, Node108, Node110, Node112, Node114, Node116, Node118, Node120, Node122, Node124, Node126, Node128, Node130, Node132, Node134, Node20, Node26, Node36, Node39, Node86, Node87, Node90, Node91, Node93, Node95, Node98`
* Log(L) = -45340.36, AIC-c = 90966.80 (143 estimated parameters)
* 1 partition. Total tree length by partition (subs/site)  1.462

### Obtaining the global omega estimate based on relative GTR branch lengths and nucleotide substitution biases
* Log(L) = -36491.60, AIC-c = 73227.41 (122 estimated parameters)
* 1 partition. Total tree length by partition (subs/site)  2.265
* non-synonymous/synonymous rate ratio for *background* =   0.0286
* non-synonymous/synonymous rate ratio for *test* =   0.0184

>full-model => Yes

### Improving branch lengths, nucleotide substitution biases, and global dN/dS ratios under a full codon model
* Log(L) = -35784.42, AIC-c = 71813.03 (122 estimated parameters)
* 1 partition. Total tree length by partition (subs/site)  5.691
* non-synonymous/synonymous rate ratio for *background* =   0.0099
* non-synonymous/synonymous rate ratio for *test* =   0.0099

### For partition 1 these sites are significant at p <=0.1

|     Codon      |   Partition    |     alpha      |      beta      |      LRT       |Selection detected?|
|:--------------:|:--------------:|:--------------:|:--------------:|:--------------:|:-----------------:|
|       4        |       1        |        0.960   |        0.000   |        3.018   |  Neg. p = 0.0824  |
|       9        |       1        |        1.552   |        0.000   |        4.080   |  Neg. p = 0.0434  |
|       14       |       1        |        1.131   |        0.000   |        2.814   |  Neg. p = 0.0934  |
|       16       |       1        |        0.690   |        0.000   |        2.814   |  Neg. p = 0.0934  |
|       17       |       1        |        0.657   |        0.000   |        3.119   |  Neg. p = 0.0774  |
|       25       |       1        |        0.932   |        0.000   |        3.863   |  Neg. p = 0.0493  |
|       29       |       1        |        1.131   |        0.000   |        4.022   |  Neg. p = 0.0449  |
|       32       |       1        |        2.416   |        0.000   |        2.974   |  Neg. p = 0.0846  |
|       34       |       1        |        1.392   |        0.000   |        4.931   |  Neg. p = 0.0264  |
|       35       |       1        |        0.889   |        0.000   |        4.241   |  Neg. p = 0.0395  |
|       36       |       1        |        4.679   |        0.000   |        4.431   |  Neg. p = 0.0353  |
|       37       |       1        |        3.084   |        0.000   |        6.928   |  Neg. p = 0.0085  |
|       38       |       1        |        1.765   |        0.000   |        4.322   |  Neg. p = 0.0376  |
|       40       |       1        |        1.495   |        0.000   |        3.948   |  Neg. p = 0.0469  |
|       41       |       1        |        1.004   |        0.000   |        3.057   |  Neg. p = 0.0804  |
|       43       |       1        |        0.716   |        0.000   |        3.351   |  Neg. p = 0.0672  |
|       44       |       1        |        3.625   |        0.000   |        6.321   |  Neg. p = 0.0119  |
|       46       |       1        |        2.707   |        0.000   |        7.369   |  Neg. p = 0.0066  |
|       50       |       1        |        2.110   |        0.000   |        5.233   |  Neg. p = 0.0222  |
|       52       |       1        |        1.237   |        0.000   |        4.058   |  Neg. p = 0.0440  |
|       55       |       1        |        0.522   |        0.000   |        2.710   |  Neg. p = 0.0997  |
|       58       |       1        |        0.520   |        0.000   |        2.980   |  Neg. p = 0.0843  |
|       60       |       1        |        0.683   |        0.000   |        3.117   |  Neg. p = 0.0775  |
|       61       |       1        |        1.310   |        0.000   |        3.251   |  Neg. p = 0.0714  |
|       62       |       1        |        0.863   |        0.000   |        3.024   |  Neg. p = 0.0820  |
|       64       |       1        |        1.746   |        0.000   |        6.315   |  Neg. p = 0.0120  |
|       65       |       1        |        0.510   |        0.000   |        2.803   |  Neg. p = 0.0941  |
|       66       |       1        |        1.269   |        0.000   |        4.771   |  Neg. p = 0.0289  |
|       67       |       1        |        1.243   |        0.000   |        6.230   |  Neg. p = 0.0126  |
|       73       |       1        |        0.509   |        0.000   |        3.026   |  Neg. p = 0.0819  |
|       75       |       1        |        0.863   |        0.000   |        3.162   |  Neg. p = 0.0754  |
|       78       |       1        |        2.062   |        0.000   |        5.562   |  Neg. p = 0.0184  |
|       79       |       1        |        2.051   |        0.004   |        6.573   |  Neg. p = 0.0104  |
|       81       |       1        |        1.424   |        0.000   |        4.790   |  Neg. p = 0.0286  |
|       83       |       1        |        0.730   |        0.000   |        3.921   |  Neg. p = 0.0477  |
|       85       |       1        |        0.525   |        0.000   |        3.005   |  Neg. p = 0.0830  |
|       86       |       1        |        1.004   |        0.000   |        2.938   |  Neg. p = 0.0865  |
|       89       |       1        |        2.273   |        0.000   |        5.450   |  Neg. p = 0.0196  |
|       90       |       1        |        1.333   |        0.000   |        5.724   |  Neg. p = 0.0167  |
|       91       |       1        |        0.838   |        0.000   |        2.934   |  Neg. p = 0.0867  |
|       92       |       1        |        1.405   |        0.000   |        4.881   |  Neg. p = 0.0271  |
|       93       |       1        |        1.392   |        0.000   |        4.776   |  Neg. p = 0.0289  |
|       95       |       1        |        1.349   |        0.000   |        5.860   |  Neg. p = 0.0155  |
|       97       |       1        |        1.465   |        0.000   |        4.573   |  Neg. p = 0.0325  |
|       98       |       1        |        3.562   |        0.000   |        8.152   |  Neg. p = 0.0043  |
|      101       |       1        |        1.663   |        0.001   |        5.181   |  Neg. p = 0.0228  |
|      102       |       1        |        1.478   |        0.000   |        4.735   |  Neg. p = 0.0295  |
|      103       |       1        |        1.218   |        0.000   |        5.426   |  Neg. p = 0.0198  |
|      104       |       1        |        2.099   |        0.000   |        5.248   |  Neg. p = 0.0220  |
|      108       |       1        |        2.217   |        0.000   |        5.005   |  Neg. p = 0.0253  |
|      109       |       1        |        1.363   |        0.000   |        4.325   |  Neg. p = 0.0376  |
|      110       |       1        |        2.048   |        0.000   |        2.807   |  Neg. p = 0.0939  |
|      112       |       1        |        0.494   |        0.000   |        2.952   |  Neg. p = 0.0858  |
|      113       |       1        |        1.642   |        0.000   |        5.023   |  Neg. p = 0.0250  |
|      115       |       1        |        0.812   |        0.000   |        3.942   |  Neg. p = 0.0471  |
|      117       |       1        |        0.655   |        0.000   |        2.864   |  Neg. p = 0.0906  |
|      118       |       1        |        0.957   |        0.000   |        2.905   |  Neg. p = 0.0883  |
|      119       |       1        |        1.123   |        0.000   |        4.122   |  Neg. p = 0.0423  |
|      121       |       1        |        0.959   |        0.000   |        3.604   |  Neg. p = 0.0577  |
|      122       |       1        |        1.317   |        0.000   |        5.729   |  Neg. p = 0.0167  |
|      123       |       1        |        1.097   |        0.000   |        3.640   |  Neg. p = 0.0564  |
|      127       |       1        |        1.940   |        0.000   |        5.420   |  Neg. p = 0.0199  |
|      129       |       1        |        2.421   |        0.000   |        5.284   |  Neg. p = 0.0215  |
|      131       |       1        |        0.729   |        0.000   |        3.951   |  Neg. p = 0.0469  |
|      132       |       1        |        0.906   |        0.000   |        4.557   |  Neg. p = 0.0328  |
|      139       |       1        |        0.980   |        0.000   |        4.623   |  Neg. p = 0.0315  |
|      140       |       1        |        1.206   |        0.000   |        3.540   |  Neg. p = 0.0599  |
|      142       |       1        |        1.163   |        0.000   |        3.639   |  Neg. p = 0.0564  |
|      147       |       1        |        1.049   |        0.000   |        4.040   |  Neg. p = 0.0444  |
|      148       |       1        |        1.079   |        0.000   |        3.025   |  Neg. p = 0.0820  |
|      149       |       1        |        1.511   |        0.000   |        5.152   |  Neg. p = 0.0232  |
|      150       |       1        |        1.177   |        0.000   |        3.133   |  Neg. p = 0.0767  |
|      151       |       1        |        3.462   |        0.335   |        4.091   |  Neg. p = 0.0431  |
|      156       |       1        |        0.648   |        0.001   |        2.917   |  Neg. p = 0.0877  |
|      158       |       1        |        0.869   |        0.000   |        3.557   |  Neg. p = 0.0593  |
|      159       |       1        |        2.364   |        0.000   |        6.099   |  Neg. p = 0.0135  |
|      163       |       1        |        0.833   |        0.000   |        3.160   |  Neg. p = 0.0755  |
|      164       |       1        |        2.591   |        0.000   |        3.568   |  Neg. p = 0.0589  |
|      165       |       1        |        1.879   |        0.000   |        6.259   |  Neg. p = 0.0124  |
|      166       |       1        |        0.830   |        0.000   |        3.026   |  Neg. p = 0.0819  |
|      168       |       1        |        0.914   |        0.000   |        3.831   |  Neg. p = 0.0503  |
|      169       |       1        |        1.569   |        0.000   |        5.025   |  Neg. p = 0.0250  |
|      170       |       1        |        1.759   |        0.000   |        6.558   |  Neg. p = 0.0104  |
|      171       |       1        |        1.151   |        0.000   |        3.229   |  Neg. p = 0.0724  |
|      173       |       1        |        2.533   |        0.000   |        7.798   |  Neg. p = 0.0052  |
|      174       |       1        |        6.393   |        0.000   |       10.363   |  Neg. p = 0.0013  |
|      175       |       1        |        3.092   |        0.000   |        8.762   |  Neg. p = 0.0031  |
|      176       |       1        |        0.772   |        0.000   |        4.140   |  Neg. p = 0.0419  |
|      177       |       1        |        2.495   |        0.000   |        5.952   |  Neg. p = 0.0147  |
|      178       |       1        |       14.072   |        0.000   |        9.696   |  Neg. p = 0.0018  |
|      181       |       1        |        0.945   |        0.000   |        3.645   |  Neg. p = 0.0562  |
|      182       |       1        |        1.695   |        0.000   |        4.316   |  Neg. p = 0.0378  |
|      186       |       1        |        1.262   |        0.000   |        3.459   |  Neg. p = 0.0629  |
|      190       |       1        |        1.329   |        0.000   |        3.302   |  Neg. p = 0.0692  |
|      191       |       1        |        2.451   |        0.000   |        6.291   |  Neg. p = 0.0121  |
|      193       |       1        |        2.857   |        0.000   |        3.129   |  Neg. p = 0.0769  |
|      194       |       1        |        0.818   |        0.000   |        3.281   |  Neg. p = 0.0701  |
|      195       |       1        |        2.548   |        0.000   |        7.267   |  Neg. p = 0.0070  |
|      197       |       1        |        2.730   |        0.000   |        7.483   |  Neg. p = 0.0062  |
|      199       |       1        |        1.738   |        0.000   |        4.668   |  Neg. p = 0.0307  |
|      200       |       1        |        2.474   |        0.000   |        6.162   |  Neg. p = 0.0131  |
|      203       |       1        |        2.742   |        0.000   |        6.436   |  Neg. p = 0.0112  |
|      204       |       1        |        0.561   |        0.000   |        3.111   |  Neg. p = 0.0778  |
|      205       |       1        |        0.818   |        0.000   |        4.061   |  Neg. p = 0.0439  |
|      206       |       1        |        2.013   |        0.000   |        6.130   |  Neg. p = 0.0133  |
|      207       |       1        |        1.241   |        0.000   |        3.186   |  Neg. p = 0.0743  |
|      209       |       1        |        0.978   |        0.000   |        4.605   |  Neg. p = 0.0319  |
|      211       |       1        |        1.471   |        0.000   |        5.067   |  Neg. p = 0.0244  |
|      214       |       1        |        3.334   |        0.000   |        6.795   |  Neg. p = 0.0091  |
|      215       |       1        |       13.989   |        0.000   |       11.460   |  Neg. p = 0.0007  |
|      219       |       1        |        0.742   |        0.000   |        3.755   |  Neg. p = 0.0527  |
|      220       |       1        |        1.226   |        0.000   |        5.706   |  Neg. p = 0.0169  |
|      222       |       1        |        2.045   |        0.000   |        4.523   |  Neg. p = 0.0334  |
|      223       |       1        |        0.536   |        0.000   |        3.046   |  Neg. p = 0.0809  |
|      225       |       1        |        1.392   |        0.000   |        4.783   |  Neg. p = 0.0287  |
|      226       |       1        |        1.723   |        0.000   |        5.111   |  Neg. p = 0.0238  |
|      231       |       1        |        1.022   |        0.000   |        4.843   |  Neg. p = 0.0278  |
|      232       |       1        |        0.589   |        0.000   |        3.818   |  Neg. p = 0.0507  |
|      233       |       1        |        1.315   |        0.000   |        3.047   |  Neg. p = 0.0809  |
|      234       |       1        |        1.429   |        0.000   |        3.954   |  Neg. p = 0.0468  |
|      235       |       1        |        1.258   |        0.000   |        3.747   |  Neg. p = 0.0529  |
|      238       |       1        |        1.579   |        0.000   |        7.293   |  Neg. p = 0.0069  |
|      241       |       1        |        2.555   |        0.000   |        5.413   |  Neg. p = 0.0200  |
|      243       |       1        |        1.714   |        0.000   |        3.729   |  Neg. p = 0.0535  |
|      247       |       1        |        2.173   |        0.000   |        7.136   |  Neg. p = 0.0076  |
|      248       |       1        |        2.094   |        0.000   |        5.614   |  Neg. p = 0.0178  |
|      249       |       1        |        2.291   |        0.000   |        3.016   |  Neg. p = 0.0825  |
|      254       |       1        |        1.048   |        0.000   |        3.551   |  Neg. p = 0.0595  |
|      255       |       1        |        2.118   |        0.000   |        5.888   |  Neg. p = 0.0152  |
|      256       |       1        |        1.510   |        0.000   |        4.224   |  Neg. p = 0.0399  |
|      258       |       1        |        3.301   |        0.000   |        7.052   |  Neg. p = 0.0079  |
|      261       |       1        |        1.064   |        0.000   |        3.560   |  Neg. p = 0.0592  |
|      262       |       1        |        1.289   |        0.000   |        4.640   |  Neg. p = 0.0312  |
|      264       |       1        |        1.224   |        0.000   |        5.021   |  Neg. p = 0.0250  |
|      266       |       1        |        1.254   |        0.000   |        4.028   |  Neg. p = 0.0447  |
|      267       |       1        |        1.684   |        0.000   |        5.328   |  Neg. p = 0.0210  |
|      268       |       1        |        2.222   |        0.000   |        5.710   |  Neg. p = 0.0169  |
|      269       |       1        |        2.337   |        0.000   |        4.479   |  Neg. p = 0.0343  |
|      270       |       1        |        0.617   |        0.000   |        3.340   |  Neg. p = 0.0676  |
|      271       |       1        |        2.591   |        0.000   |        3.549   |  Neg. p = 0.0596  |
|      272       |       1        |        2.234   |        0.000   |        4.804   |  Neg. p = 0.0284  |
|      275       |       1        |        1.940   |        0.000   |        4.662   |  Neg. p = 0.0308  |
|      278       |       1        |        1.440   |        0.000   |        5.541   |  Neg. p = 0.0186  |
|      283       |       1        |        2.182   |        0.000   |        4.265   |  Neg. p = 0.0389  |
|      284       |       1        |        1.258   |        0.000   |        3.774   |  Neg. p = 0.0520  |
|      285       |       1        |        0.599   |        0.000   |        2.729   |  Neg. p = 0.0985  |
|      286       |       1        |        2.940   |        0.000   |        8.127   |  Neg. p = 0.0044  |
|      288       |       1        |        1.299   |        0.000   |        6.768   |  Neg. p = 0.0093  |
|      289       |       1        |        1.793   |        0.000   |        6.250   |  Neg. p = 0.0124  |
|      294       |       1        |        1.131   |        0.000   |        2.711   |  Neg. p = 0.0997  |
|      295       |       1        |        2.046   |        0.000   |        5.072   |  Neg. p = 0.0243  |
|      296       |       1        |        0.582   |        0.000   |        2.971   |  Neg. p = 0.0848  |
|      297       |       1        |        2.662   |        0.000   |        8.152   |  Neg. p = 0.0043  |
|      298       |       1        |        1.378   |        0.000   |        4.605   |  Neg. p = 0.0319  |
|      300       |       1        |        0.704   |        0.000   |        3.147   |  Neg. p = 0.0761  |
|      302       |       1        |        1.203   |        0.000   |        3.239   |  Neg. p = 0.0719  |
|      303       |       1        |        1.145   |        0.000   |        3.463   |  Neg. p = 0.0628  |
|      305       |       1        |        2.560   |        0.000   |        6.984   |  Neg. p = 0.0082  |
|      308       |       1        |       14.245   |        0.000   |        9.180   |  Neg. p = 0.0024  |
|      311       |       1        |        1.320   |        0.000   |        3.058   |  Neg. p = 0.0804  |
|      312       |       1        |        0.732   |        0.000   |        3.087   |  Neg. p = 0.0789  |
|      316       |       1        |        0.785   |        0.000   |        3.047   |  Neg. p = 0.0809  |
|      317       |       1        |        0.596   |        0.000   |        3.227   |  Neg. p = 0.0725  |
|      319       |       1        |        1.373   |        0.000   |        3.574   |  Neg. p = 0.0587  |
|      320       |       1        |        0.949   |        0.000   |        2.995   |  Neg. p = 0.0835  |
|      323       |       1        |        2.879   |        0.000   |        5.897   |  Neg. p = 0.0152  |
|      324       |       1        |        0.576   |        0.000   |        2.823   |  Neg. p = 0.0929  |
|      325       |       1        |        5.067   |        0.000   |        7.700   |  Neg. p = 0.0055  |
|      326       |       1        |        0.589   |        0.000   |        3.792   |  Neg. p = 0.0515  |
|      327       |       1        |        1.347   |        0.000   |        3.787   |  Neg. p = 0.0517  |
|      329       |       1        |        0.889   |        0.000   |        4.287   |  Neg. p = 0.0384  |
|      331       |       1        |        1.115   |        0.000   |        3.274   |  Neg. p = 0.0704  |
|      333       |       1        |        0.842   |        0.000   |        3.969   |  Neg. p = 0.0463  |
|      334       |       1        |        0.783   |        0.000   |        3.712   |  Neg. p = 0.0540  |
|      335       |       1        |        0.999   |        0.000   |        2.730   |  Neg. p = 0.0985  |
|      337       |       1        |        3.165   |        0.000   |        7.125   |  Neg. p = 0.0076  |
|      341       |       1        |        1.175   |        0.000   |        3.314   |  Neg. p = 0.0687  |
|      343       |       1        |        1.011   |        0.000   |        4.326   |  Neg. p = 0.0375  |
|      344       |       1        |        1.667   |        0.000   |        6.459   |  Neg. p = 0.0110  |
|      345       |       1        |        0.941   |        0.000   |        4.507   |  Neg. p = 0.0338  |
|      347       |       1        |        2.413   |        0.000   |        3.477   |  Neg. p = 0.0622  |
|      349       |       1        |        1.181   |        0.000   |        2.772   |  Neg. p = 0.0959  |
|      350       |       1        |        2.310   |        0.000   |        6.218   |  Neg. p = 0.0126  |
|      351       |       1        |        5.397   |        0.000   |        8.835   |  Neg. p = 0.0030  |
|      353       |       1        |       18.316   |        0.001   |        8.909   |  Neg. p = 0.0028  |
|      354       |       1        |        2.393   |        0.000   |        8.627   |  Neg. p = 0.0033  |
|      355       |       1        |        0.528   |        0.000   |        3.586   |  Neg. p = 0.0583  |
|      357       |       1        |        1.965   |        0.000   |        5.699   |  Neg. p = 0.0170  |
|      359       |       1        |        1.303   |        0.000   |        4.108   |  Neg. p = 0.0427  |
|      363       |       1        |        1.737   |        0.000   |        7.531   |  Neg. p = 0.0061  |
|      365       |       1        |        2.827   |        0.000   |        6.703   |  Neg. p = 0.0096  |
|      366       |       1        |        0.726   |        0.000   |        2.884   |  Neg. p = 0.0895  |
|      368       |       1        |        2.693   |        0.000   |        6.885   |  Neg. p = 0.0087  |
|      369       |       1        |        1.285   |        0.000   |        5.362   |  Neg. p = 0.0206  |
|      374       |       1        |        1.458   |        0.000   |        5.614   |  Neg. p = 0.0178  |
|      375       |       1        |        1.322   |        0.000   |        2.952   |  Neg. p = 0.0858  |
|      376       |       1        |        2.531   |        0.000   |        6.644   |  Neg. p = 0.0099  |
|      379       |       1        |        4.838   |        0.000   |        8.417   |  Neg. p = 0.0037  |
|      380       |       1        |        1.057   |        0.000   |        5.823   |  Neg. p = 0.0158  |
|      381       |       1        |        3.322   |        0.000   |        7.452   |  Neg. p = 0.0063  |
|      383       |       1        |        2.835   |        0.000   |        5.819   |  Neg. p = 0.0159  |
|      385       |       1        |        1.288   |        0.000   |        4.801   |  Neg. p = 0.0284  |
|      386       |       1        |        1.260   |        0.000   |        4.448   |  Neg. p = 0.0349  |
|      387       |       1        |        1.764   |        0.000   |        5.410   |  Neg. p = 0.0200  |
|      388       |       1        |        2.339   |        0.000   |        4.203   |  Neg. p = 0.0404  |
|      389       |       1        |        1.566   |        0.000   |        4.438   |  Neg. p = 0.0351  |
|      390       |       1        |        1.347   |        0.000   |        5.073   |  Neg. p = 0.0243  |
|      392       |       1        |        2.095   |        0.000   |        7.768   |  Neg. p = 0.0053  |
|      395       |       1        |        2.387   |        0.000   |        5.474   |  Neg. p = 0.0193  |
|      396       |       1        |       10.039   |        0.000   |        9.847   |  Neg. p = 0.0017  |
|      397       |       1        |        1.749   |        0.000   |        6.037   |  Neg. p = 0.0140  |
|      398       |       1        |        1.464   |        0.000   |        2.895   |  Neg. p = 0.0889  |
|      399       |       1        |        2.759   |        0.000   |        3.399   |  Neg. p = 0.0652  |
|      401       |       1        |        1.132   |        0.000   |        3.680   |  Neg. p = 0.0551  |
|      403       |       1        |        1.782   |        0.000   |        5.447   |  Neg. p = 0.0196  |
|      404       |       1        |        6.192   |        0.000   |        8.504   |  Neg. p = 0.0035  |
|      405       |       1        |        1.090   |        0.000   |        4.825   |  Neg. p = 0.0281  |
|      407       |       1        |        1.344   |        0.000   |        3.000   |  Neg. p = 0.0833  |
|      410       |       1        |        7.859   |        0.000   |       12.398   |  Neg. p = 0.0004  |
|      411       |       1        |        1.053   |        0.000   |        2.711   |  Neg. p = 0.0996  |
|      413       |       1        |        1.487   |        0.000   |        4.006   |  Neg. p = 0.0454  |
|      415       |       1        |        2.497   |        0.000   |        3.222   |  Neg. p = 0.0727  |
|      416       |       1        |        1.876   |        0.000   |        6.562   |  Neg. p = 0.0104  |
|      418       |       1        |        0.997   |        0.000   |        4.660   |  Neg. p = 0.0309  |
|      419       |       1        |        1.098   |        0.000   |        3.510   |  Neg. p = 0.0610  |
|      425       |       1        |        1.748   |        0.000   |        3.877   |  Neg. p = 0.0490  |
|      426       |       1        |        1.621   |        0.000   |        5.159   |  Neg. p = 0.0231  |
|      427       |       1        |        0.768   |        0.000   |        2.994   |  Neg. p = 0.0836  |
|      428       |       1        |        2.684   |        0.000   |        6.905   |  Neg. p = 0.0086  |
|      429       |       1        |        1.793   |        0.000   |        3.400   |  Neg. p = 0.0652  |
|      431       |       1        |        1.159   |        0.000   |        4.359   |  Neg. p = 0.0368  |
|      433       |       1        |        0.672   |        0.001   |        3.351   |  Neg. p = 0.0671  |
|      436       |       1        |        1.002   |        0.000   |        3.191   |  Neg. p = 0.0741  |
|      438       |       1        |        1.194   |        0.000   |        3.135   |  Neg. p = 0.0766  |
|      439       |       1        |     1159.596   |        0.000   |        4.054   |  Neg. p = 0.0441  |
|      440       |       1        |        0.944   |        0.000   |        4.253   |  Neg. p = 0.0392  |
|      441       |       1        |        0.578   |        0.000   |        3.086   |  Neg. p = 0.0790  |
|      442       |       1        |        1.769   |        0.000   |        7.568   |  Neg. p = 0.0059  |
|      445       |       1        |        1.735   |        0.000   |        6.249   |  Neg. p = 0.0124  |
|      447       |       1        |        1.954   |        0.000   |        7.037   |  Neg. p = 0.0080  |
|      448       |       1        |        1.364   |        0.000   |        4.453   |  Neg. p = 0.0348  |
|      449       |       1        |        8.184   |        0.000   |        8.054   |  Neg. p = 0.0045  |
|      450       |       1        |        3.689   |        0.370   |        3.761   |  Neg. p = 0.0525  |
|      452       |       1        |        2.969   |        0.000   |        5.515   |  Neg. p = 0.0189  |
|      453       |       1        |        1.068   |        0.000   |        3.153   |  Neg. p = 0.0758  |
|      454       |       1        |        2.386   |        0.000   |        5.700   |  Neg. p = 0.0170  |
|      455       |       1        |       11.797   |        0.000   |       10.755   |  Neg. p = 0.0010  |
|      460       |       1        |        1.419   |        0.000   |        4.302   |  Neg. p = 0.0381  |
|      461       |       1        |        1.829   |        0.000   |        5.970   |  Neg. p = 0.0146  |
|      462       |       1        |        1.062   |        0.000   |        3.433   |  Neg. p = 0.0639  |
|      463       |       1        |       21.773   |        0.000   |       11.458   |  Neg. p = 0.0007  |
|      466       |       1        |        1.748   |        0.000   |        4.530   |  Neg. p = 0.0333  |
|      467       |       1        |        2.382   |        0.000   |        6.022   |  Neg. p = 0.0141  |
|      468       |       1        |        1.984   |        0.000   |        4.730   |  Neg. p = 0.0296  |
|      470       |       1        |        1.366   |        0.000   |        4.067   |  Neg. p = 0.0437  |
|      473       |       1        |        0.669   |        0.000   |        3.306   |  Neg. p = 0.0690  |
|      475       |       1        |        2.560   |        0.000   |        3.781   |  Neg. p = 0.0518  |
|      476       |       1        |        1.639   |        0.000   |        4.275   |  Neg. p = 0.0387  |
|      478       |       1        |        1.346   |        0.000   |        2.890   |  Neg. p = 0.0891  |
|      479       |       1        |        0.876   |        0.000   |        3.318   |  Neg. p = 0.0685  |
|      480       |       1        |        1.248   |        0.000   |        4.424   |  Neg. p = 0.0354  |
|      485       |       1        |        0.939   |        0.000   |        2.996   |  Neg. p = 0.0835  |
|      491       |       1        |        1.521   |        0.000   |        5.357   |  Neg. p = 0.0206  |
|      492       |       1        |        1.940   |        0.000   |        6.633   |  Neg. p = 0.0100  |
|      494       |       1        |        0.958   |        0.000   |        5.381   |  Neg. p = 0.0204  |
|      495       |       1        |        2.962   |        0.000   |        8.971   |  Neg. p = 0.0027  |
|      496       |       1        |        1.926   |        0.000   |        6.511   |  Neg. p = 0.0107  |
|      497       |       1        |        1.207   |        0.000   |        3.720   |  Neg. p = 0.0537  |
|      498       |       1        |        2.382   |        0.000   |        4.956   |  Neg. p = 0.0260  |
|      500       |       1        |        0.771   |        0.000   |        3.078   |  Neg. p = 0.0793  |
|      501       |       1        |        1.774   |        0.000   |        5.341   |  Neg. p = 0.0208  |
|      507       |       1        |        1.142   |        0.000   |        4.658   |  Neg. p = 0.0309  |
|      509       |       1        |        1.170   |        0.000   |        3.828   |  Neg. p = 0.0504  |
|      510       |       1        |        0.957   |        0.000   |        3.040   |  Neg. p = 0.0812  |
|      511       |       1        |        1.167   |        0.000   |        3.191   |  Neg. p = 0.0741  |
|      512       |       1        |        2.292   |        0.000   |        4.043   |  Neg. p = 0.0443  |
|      513       |       1        |        1.969   |        0.000   |        4.876   |  Neg. p = 0.0272  |
|      515       |       1        |        1.619   |        0.000   |        7.455   |  Neg. p = 0.0063  |
|      518       |       1        |        1.202   |        0.000   |        3.711   |  Neg. p = 0.0541  |
|      519       |       1        |        2.126   |        0.000   |        4.271   |  Neg. p = 0.0388  |
|      520       |       1        |        1.388   |        0.000   |        3.793   |  Neg. p = 0.0515  |
|      522       |       1        |        2.595   |        0.000   |        6.360   |  Neg. p = 0.0117  |
|      523       |       1        |        0.854   |        0.000   |        4.267   |  Neg. p = 0.0388  |
|      524       |       1        |        0.807   |        0.000   |        3.946   |  Neg. p = 0.0470  |
|      526       |       1        |        0.970   |        0.000   |        3.949   |  Neg. p = 0.0469  |
|      527       |       1        |        3.421   |        0.000   |        9.400   |  Neg. p = 0.0022  |
|      529       |       1        |        1.817   |        0.000   |        5.530   |  Neg. p = 0.0187  |
|      531       |       1        |        1.236   |        0.000   |        4.367   |  Neg. p = 0.0366  |
|      532       |       1        |        5.964   |        0.000   |        9.495   |  Neg. p = 0.0021  |
|      533       |       1        |        1.042   |        0.000   |        3.629   |  Neg. p = 0.0568  |
|      534       |       1        |        6.646   |        0.000   |        9.670   |  Neg. p = 0.0019  |
|      536       |       1        |        3.251   |        0.000   |        7.276   |  Neg. p = 0.0070  |
|      537       |       1        |        1.387   |        0.000   |        5.279   |  Neg. p = 0.0216  |
|      538       |       1        |        1.648   |        0.000   |        3.794   |  Neg. p = 0.0514  |
|      539       |       1        |        1.499   |        0.000   |        2.941   |  Neg. p = 0.0863  |
|      540       |       1        |        5.514   |        0.000   |        8.592   |  Neg. p = 0.0034  |
|      542       |       1        |        3.973   |        0.000   |        9.511   |  Neg. p = 0.0020  |
|      543       |       1        |        0.779   |        0.000   |        3.051   |  Neg. p = 0.0807  |
|      546       |       1        |        0.671   |        0.000   |        3.591   |  Neg. p = 0.0581  |
|      547       |       1        |        0.872   |        0.000   |        3.047   |  Neg. p = 0.0809  |
|      548       |       1        |        3.320   |        0.000   |        9.657   |  Neg. p = 0.0019  |
|      551       |       1        |      289.038   |        0.000   |       19.213   |  Neg. p = 0.0000  |
|      552       |       1        |        0.813   |        0.000   |        3.748   |  Neg. p = 0.0529  |
|      553       |       1        |        1.146   |        0.000   |        4.014   |  Neg. p = 0.0451  |
|      556       |       1        |        1.179   |        0.000   |        4.404   |  Neg. p = 0.0359  |
|      558       |       1        |        2.611   |        0.000   |        8.034   |  Neg. p = 0.0046  |
|      559       |       1        |        2.260   |        0.000   |        5.593   |  Neg. p = 0.0180  |
|      560       |       1        |        0.687   |        0.000   |        3.086   |  Neg. p = 0.0790  |
|      563       |       1        |        1.706   |        0.000   |        2.844   |  Neg. p = 0.0917  |
|      564       |       1        |        2.645   |        0.000   |        3.023   |  Neg. p = 0.0821  |
|      565       |       1        |        1.070   |        0.000   |        2.755   |  Neg. p = 0.0969  |
|      566       |       1        |        1.388   |        0.000   |        4.997   |  Neg. p = 0.0254  |
|      567       |       1        |        1.037   |        0.000   |        4.788   |  Neg. p = 0.0287  |
|      568       |       1        |        1.993   |        0.000   |        4.111   |  Neg. p = 0.0426  |
|      569       |       1        |        2.083   |        0.000   |        4.536   |  Neg. p = 0.0332  |
|      570       |       1        |        2.195   |        0.000   |        7.188   |  Neg. p = 0.0073  |
|      571       |       1        |        2.886   |        0.000   |        5.314   |  Neg. p = 0.0212  |
|      572       |       1        |        5.760   |        0.000   |        8.902   |  Neg. p = 0.0028  |
|      574       |       1        |        0.844   |        0.000   |        4.174   |  Neg. p = 0.0411  |
|      576       |       1        |        0.889   |        0.000   |        3.297   |  Neg. p = 0.0694  |
|      577       |       1        |        2.514   |        0.000   |        5.724   |  Neg. p = 0.0167  |
|      578       |       1        |        1.606   |        0.000   |        4.954   |  Neg. p = 0.0260  |
|      579       |       1        |        0.572   |        0.000   |        3.398   |  Neg. p = 0.0653  |
|      581       |       1        |        0.503   |        0.000   |        2.784   |  Neg. p = 0.0952  |
|      582       |       1        |        2.237   |        0.000   |        7.626   |  Neg. p = 0.0058  |
|      583       |       1        |        1.831   |        0.000   |        6.502   |  Neg. p = 0.0108  |
|      586       |       1        |        2.225   |        0.000   |        5.978   |  Neg. p = 0.0145  |
|      588       |       1        |        1.177   |        0.000   |        3.259   |  Neg. p = 0.0710  |
|      591       |       1        |        1.903   |        0.000   |        4.508   |  Neg. p = 0.0337  |
|      593       |       1        |        1.484   |        0.000   |        3.609   |  Neg. p = 0.0575  |
|      594       |       1        |        1.235   |        0.000   |        5.399   |  Neg. p = 0.0201  |
|      595       |       1        |        1.406   |        0.000   |        4.973   |  Neg. p = 0.0257  |
|      596       |       1        |        4.833   |        0.000   |        8.778   |  Neg. p = 0.0030  |
|      598       |       1        |        0.719   |        0.000   |        3.343   |  Neg. p = 0.0675  |
|      602       |       1        |        2.354   |        0.000   |        4.436   |  Neg. p = 0.0352  |
|      603       |       1        |        0.586   |        0.000   |        3.074   |  Neg. p = 0.0796  |
|      604       |       1        |        0.869   |        0.000   |        3.362   |  Neg. p = 0.0667  |
|      608       |       1        |        2.454   |        0.000   |        4.847   |  Neg. p = 0.0277  |
|      609       |       1        |        0.811   |        0.000   |        3.533   |  Neg. p = 0.0602  |
|      610       |       1        |        1.076   |        0.000   |        3.885   |  Neg. p = 0.0487  |
|      613       |       1        |        2.860   |        0.000   |        3.619   |  Neg. p = 0.0571  |
|      616       |       1        |        2.011   |        0.000   |        4.892   |  Neg. p = 0.0270  |
|      619       |       1        |        1.123   |        0.000   |        3.654   |  Neg. p = 0.0559  |
|      621       |       1        |        5.925   |        0.000   |        7.935   |  Neg. p = 0.0048  |
|      622       |       1        |        1.069   |        0.000   |        4.576   |  Neg. p = 0.0324  |
|      624       |       1        |        3.258   |        0.000   |        7.994   |  Neg. p = 0.0047  |
|      625       |       1        |        2.740   |        0.000   |        4.323   |  Neg. p = 0.0376  |
|      626       |       1        |        0.561   |        0.000   |        2.895   |  Neg. p = 0.0889  |
|      627       |       1        |        1.350   |        0.000   |        5.106   |  Neg. p = 0.0238  |
|      628       |       1        |        1.002   |        0.000   |        3.824   |  Neg. p = 0.0505  |
|      630       |       1        |        1.090   |        0.000   |        3.671   |  Neg. p = 0.0554  |
|      631       |       1        |        1.657   |        0.000   |        5.353   |  Neg. p = 0.0207  |
|      634       |       1        |        1.882   |        0.000   |        5.645   |  Neg. p = 0.0175  |
|      635       |       1        |        0.559   |        0.000   |        3.193   |  Neg. p = 0.0739  |
|      636       |       1        |        1.533   |        0.000   |        5.767   |  Neg. p = 0.0163  |
|      637       |       1        |        1.505   |        0.000   |        3.618   |  Neg. p = 0.0571  |
|      638       |       1        |        3.385   |        0.000   |        6.653   |  Neg. p = 0.0099  |
|      639       |       1        |        2.679   |        0.000   |        7.070   |  Neg. p = 0.0078  |
|      641       |       1        |        2.164   |        0.000   |        4.201   |  Neg. p = 0.0404  |
|      642       |       1        |        2.041   |        0.000   |        4.575   |  Neg. p = 0.0324  |
|      643       |       1        |        1.122   |        0.000   |        3.077   |  Neg. p = 0.0794  |
|      644       |       1        |        3.498   |        0.000   |        5.488   |  Neg. p = 0.0192  |
|      646       |       1        |        1.009   |        0.000   |        3.474   |  Neg. p = 0.0623  |
|      648       |       1        |        1.742   |        0.000   |        5.735   |  Neg. p = 0.0166  |
|      649       |       1        |        4.743   |        0.000   |        7.549   |  Neg. p = 0.0060  |
|      651       |       1        |        2.026   |        0.000   |        7.441   |  Neg. p = 0.0064  |
|      652       |       1        |        0.825   |        0.000   |        4.335   |  Neg. p = 0.0373  |
|      653       |       1        |        1.276   |        0.000   |        3.723   |  Neg. p = 0.0537  |
|      655       |       1        |        0.715   |        0.000   |        2.947   |  Neg. p = 0.0861  |
|      656       |       1        |        1.552   |        0.000   |        5.054   |  Neg. p = 0.0246  |
|      661       |       1        |        3.087   |        0.000   |        7.334   |  Neg. p = 0.0068  |
|      663       |       1        |        2.538   |        0.000   |        7.109   |  Neg. p = 0.0077  |
|      664       |       1        |        2.198   |        0.000   |        5.720   |  Neg. p = 0.0168  |
|      665       |       1        |        0.938   |        0.000   |        3.718   |  Neg. p = 0.0538  |
|      666       |       1        |        1.076   |        0.000   |        3.679   |  Neg. p = 0.0551  |
|      667       |       1        |        2.727   |        0.000   |        7.445   |  Neg. p = 0.0064  |
|      670       |       1        |        1.321   |        0.000   |        3.736   |  Neg. p = 0.0533  |
|      671       |       1        |        2.084   |        0.000   |        5.424   |  Neg. p = 0.0199  |
|      672       |       1        |        1.259   |        0.000   |        3.070   |  Neg. p = 0.0798  |
|      674       |       1        |        2.389   |        0.000   |        5.065   |  Neg. p = 0.0244  |
|      675       |       1        |        2.846   |        0.000   |        5.700   |  Neg. p = 0.0170  |
|      676       |       1        |       10.291   |        0.000   |       11.061   |  Neg. p = 0.0009  |
|      678       |       1        |        1.566   |        0.000   |        4.758   |  Neg. p = 0.0292  |
|      680       |       1        |        6.221   |        0.000   |        8.780   |  Neg. p = 0.0030  |
|      684       |       1        |        0.942   |        0.000   |        3.640   |  Neg. p = 0.0564  |
|      685       |       1        |        2.353   |        0.000   |        8.152   |  Neg. p = 0.0043  |
|      686       |       1        |        1.059   |        0.000   |        2.890   |  Neg. p = 0.0891  |
|      689       |       1        |        1.070   |        0.001   |        2.944   |  Neg. p = 0.0862  |
|      690       |       1        |        1.027   |        0.000   |        5.007   |  Neg. p = 0.0252  |
|      693       |       1        |        4.916   |        0.000   |        9.274   |  Neg. p = 0.0023  |
|      694       |       1        |        0.949   |        0.000   |        4.232   |  Neg. p = 0.0397  |
|      695       |       1        |        4.515   |        0.000   |        9.948   |  Neg. p = 0.0016  |
|      696       |       1        |        1.390   |        0.000   |        4.814   |  Neg. p = 0.0282  |
|      699       |       1        |        2.745   |        0.000   |        7.376   |  Neg. p = 0.0066  |
|      700       |       1        |        0.596   |        0.000   |        3.112   |  Neg. p = 0.0777  |
|      701       |       1        |        1.021   |        0.000   |        3.175   |  Neg. p = 0.0748  |
|      702       |       1        |        5.431   |        0.000   |        7.200   |  Neg. p = 0.0073  |
|      703       |       1        |        1.412   |        0.000   |        7.020   |  Neg. p = 0.0081  |
|      704       |       1        |        0.956   |        0.000   |        4.202   |  Neg. p = 0.0404  |
|      705       |       1        |        1.670   |        0.000   |        3.702   |  Neg. p = 0.0543  |
|      708       |       1        |        1.978   |        0.000   |        7.272   |  Neg. p = 0.0070  |
|      710       |       1        |        1.462   |        0.000   |        4.555   |  Neg. p = 0.0328  |
|      711       |       1        |        4.064   |        0.000   |        6.711   |  Neg. p = 0.0096  |
|      712       |       1        |        3.640   |        0.000   |        6.841   |  Neg. p = 0.0089  |
|      713       |       1        |        2.608   |        0.000   |        6.970   |  Neg. p = 0.0083  |
|      714       |       1        |        3.434   |        0.000   |        6.543   |  Neg. p = 0.0105  |
|      715       |       1        |        1.387   |        0.000   |        5.257   |  Neg. p = 0.0219  |
|      716       |       1        |        2.342   |        0.000   |        3.638   |  Neg. p = 0.0565  |
|      717       |       1        |        1.501   |        0.000   |        3.467   |  Neg. p = 0.0626  |
|      719       |       1        |        1.922   |        0.000   |        6.557   |  Neg. p = 0.0104  |
|      721       |       1        |        0.759   |        0.000   |        3.808   |  Neg. p = 0.0510  |
|      722       |       1        |        2.889   |        0.000   |        7.044   |  Neg. p = 0.0080  |
|      725       |       1        |        5.915   |        0.000   |        8.488   |  Neg. p = 0.0036  |
|      726       |       1        |        0.754   |        0.000   |        3.210   |  Neg. p = 0.0732  |
|      729       |       1        |        2.151   |        0.000   |        5.365   |  Neg. p = 0.0205  |
|      730       |       1        |        1.534   |        0.000   |        3.879   |  Neg. p = 0.0489  |
|      734       |       1        |        0.973   |        0.000   |        4.691   |  Neg. p = 0.0303  |
|      735       |       1        |        0.863   |        0.000   |        2.950   |  Neg. p = 0.0859  |
|      736       |       1        |        2.278   |        0.000   |        4.631   |  Neg. p = 0.0314  |
|      737       |       1        |        1.361   |        0.000   |        6.501   |  Neg. p = 0.0108  |
|      740       |       1        |        1.495   |        0.000   |        5.485   |  Neg. p = 0.0192  |
|      741       |       1        |        3.816   |        0.000   |        7.537   |  Neg. p = 0.0060  |
|      743       |       1        |        1.406   |        0.000   |        5.001   |  Neg. p = 0.0253  |
|      744       |       1        |        1.800   |        0.000   |        5.288   |  Neg. p = 0.0215  |
|      745       |       1        |        1.685   |        0.000   |        3.623   |  Neg. p = 0.0570  |
|      747       |       1        |        1.391   |        0.000   |        2.804   |  Neg. p = 0.0940  |
|      751       |       1        |        1.304   |        0.000   |        4.690   |  Neg. p = 0.0303  |
|      752       |       1        |        1.952   |        0.000   |        5.446   |  Neg. p = 0.0196  |
|      753       |       1        |        3.962   |        0.000   |        7.789   |  Neg. p = 0.0053  |
|      756       |       1        |        4.554   |        0.000   |        7.824   |  Neg. p = 0.0052  |
|      757       |       1        |        2.534   |        0.000   |        6.237   |  Neg. p = 0.0125  |
|      759       |       1        |        0.000   |        0.507   |        3.244   |  Pos. p = 0.0717  |
|      760       |       1        |        4.504   |        0.000   |        6.814   |  Neg. p = 0.0090  |
|      761       |       1        |        0.608   |        0.000   |        3.010   |  Neg. p = 0.0828  |
|      763       |       1        |        0.786   |        0.000   |        3.333   |  Neg. p = 0.0679  |
|      765       |       1        |        1.771   |        0.000   |        4.031   |  Neg. p = 0.0447  |
|      766       |       1        |        0.927   |        0.000   |        3.332   |  Neg. p = 0.0679  |
|      771       |       1        |        2.352   |        0.000   |        5.480   |  Neg. p = 0.0192  |
|      774       |       1        |        1.220   |        0.000   |        3.269   |  Neg. p = 0.0706  |
|      775       |       1        |        3.345   |        0.017   |        4.584   |  Neg. p = 0.0323  |
|      776       |       1        |        4.734   |        0.000   |        6.053   |  Neg. p = 0.0139  |
|      777       |       1        |        0.958   |        0.000   |        4.432   |  Neg. p = 0.0353  |
|      778       |       1        |        1.262   |        0.000   |        2.887   |  Neg. p = 0.0893  |
|      783       |       1        |        1.173   |        0.000   |        2.864   |  Neg. p = 0.0906  |
|      785       |       1        |        2.711   |        0.000   |        7.486   |  Neg. p = 0.0062  |
|      786       |       1        |        2.923   |        0.000   |        5.662   |  Neg. p = 0.0173  |
|      787       |       1        |        2.816   |        0.000   |        4.227   |  Neg. p = 0.0398  |
|      788       |       1        |        2.237   |        0.000   |        4.830   |  Neg. p = 0.0280  |
|      790       |       1        |        2.545   |        0.000   |        6.243   |  Neg. p = 0.0125  |
|      791       |       1        |        2.753   |        0.000   |        4.559   |  Neg. p = 0.0328  |
|      792       |       1        |        1.438   |        0.000   |        4.321   |  Neg. p = 0.0377  |
|      793       |       1        |        2.029   |        0.000   |        4.666   |  Neg. p = 0.0308  |
|      796       |       1        |        1.463   |        0.000   |        3.366   |  Neg. p = 0.0665  |
|      797       |       1        |        1.035   |        0.000   |        3.411   |  Neg. p = 0.0648  |
|      799       |       1        |        1.380   |        0.000   |        4.969   |  Neg. p = 0.0258  |
|      802       |       1        |        2.244   |        0.000   |        4.758   |  Neg. p = 0.0292  |
|      804       |       1        |        1.588   |        0.000   |        6.261   |  Neg. p = 0.0123  |
|      806       |       1        |        0.837   |        0.000   |        2.711   |  Neg. p = 0.0996  |
|      807       |       1        |        1.354   |        0.000   |        3.366   |  Neg. p = 0.0666  |
|      808       |       1        |        1.371   |        0.000   |        4.685   |  Neg. p = 0.0304  |
|      811       |       1        |        1.399   |        0.000   |        6.168   |  Neg. p = 0.0130  |
|      813       |       1        |        1.869   |        0.000   |        4.748   |  Neg. p = 0.0293  |
|      815       |       1        |        2.299   |        0.000   |        5.411   |  Neg. p = 0.0200  |
|      816       |       1        |        8.925   |        0.000   |       11.405   |  Neg. p = 0.0007  |
|      817       |       1        |        2.275   |        0.000   |        7.710   |  Neg. p = 0.0055  |
|      819       |       1        |        5.414   |        0.000   |        8.749   |  Neg. p = 0.0031  |
|      820       |       1        |        2.868   |        0.000   |        6.336   |  Neg. p = 0.0118  |
|      821       |       1        |        1.748   |        0.000   |        7.847   |  Neg. p = 0.0051  |
|      822       |       1        |        6.896   |        0.000   |        8.547   |  Neg. p = 0.0035  |
|      823       |       1        |        4.610   |        0.000   |        7.783   |  Neg. p = 0.0053  |
|      824       |       1        |        0.580   |        0.000   |        2.828   |  Neg. p = 0.0926  |
|      825       |       1        |        2.364   |        0.000   |        4.847   |  Neg. p = 0.0277  |
|      827       |       1        |        0.805   |        0.000   |        4.796   |  Neg. p = 0.0285  |
|      829       |       1        |        0.789   |        0.000   |        3.162   |  Neg. p = 0.0754  |
|      830       |       1        |        0.619   |        0.000   |        3.183   |  Neg. p = 0.0744  |
|      831       |       1        |        4.058   |        0.000   |        8.431   |  Neg. p = 0.0037  |
|      832       |       1        |        1.290   |        0.000   |        2.926   |  Neg. p = 0.0872  |
|      833       |       1        |        0.878   |        0.000   |        3.975   |  Neg. p = 0.0462  |
|      836       |       1        |        7.270   |        0.000   |       13.337   |  Neg. p = 0.0003  |
|      837       |       1        |        1.019   |        0.000   |        3.274   |  Neg. p = 0.0704  |
|      840       |       1        |        2.257   |        0.000   |        5.271   |  Neg. p = 0.0217  |
|      842       |       1        |        1.065   |        0.000   |        4.665   |  Neg. p = 0.0308  |
|      843       |       1        |        2.476   |        0.000   |        3.589   |  Neg. p = 0.0582  |
|      846       |       1        |        1.106   |        0.000   |        5.324   |  Neg. p = 0.0210  |
|      848       |       1        |        3.353   |        0.000   |        7.376   |  Neg. p = 0.0066  |
|      849       |       1        |        0.554   |        0.000   |        3.331   |  Neg. p = 0.0680  |
|      851       |       1        |        1.486   |        0.000   |        4.030   |  Neg. p = 0.0447  |
|      854       |       1        |        1.760   |        0.000   |        5.543   |  Neg. p = 0.0186  |
|      855       |       1        |        0.849   |        0.000   |        3.740   |  Neg. p = 0.0531  |
|      856       |       1        |        4.506   |        0.000   |        7.615   |  Neg. p = 0.0058  |
|      859       |       1        |        2.013   |        0.000   |        6.359   |  Neg. p = 0.0117  |
|      861       |       1        |        1.086   |        0.000   |        3.036   |  Neg. p = 0.0814  |
|      862       |       1        |        1.487   |        0.000   |        6.306   |  Neg. p = 0.0120  |
|      863       |       1        |        1.425   |        0.000   |        4.190   |  Neg. p = 0.0407  |
|      864       |       1        |        0.837   |        0.000   |        4.223   |  Neg. p = 0.0399  |
|      867       |       1        |        1.604   |        0.000   |        5.103   |  Neg. p = 0.0239  |
|      868       |       1        |        1.276   |        0.000   |        3.226   |  Neg. p = 0.0725  |
|      872       |       1        |        4.851   |        0.000   |        8.881   |  Neg. p = 0.0029  |
|      873       |       1        |        1.433   |        0.000   |        4.984   |  Neg. p = 0.0256  |
|      874       |       1        |        1.474   |        0.000   |        3.994   |  Neg. p = 0.0457  |
|      2069      |       1        |        1.474   |        0.000   |        3.994   |  Neg. p = 0.0457  |
|      878       |       1        |        1.555   |        0.000   |        5.964   |  Neg. p = 0.0146  |
|      879       |       1        |        2.203   |        0.000   |        4.856   |  Neg. p = 0.0276  |
|      880       |       1        |        0.743   |        0.000   |        4.108   |  Neg. p = 0.0427  |
|      881       |       1        |        1.134   |        0.000   |        5.355   |  Neg. p = 0.0207  |
|      882       |       1        |        1.265   |        0.000   |        3.984   |  Neg. p = 0.0459  |
|      883       |       1        |        1.673   |        0.000   |        5.381   |  Neg. p = 0.0204  |
|      885       |       1        |        4.234   |        0.000   |        6.191   |  Neg. p = 0.0128  |
|      888       |       1        |        1.554   |        0.000   |        4.880   |  Neg. p = 0.0272  |
|      891       |       1        |        0.589   |        0.000   |        3.267   |  Neg. p = 0.0707  |
|      894       |       1        |        1.059   |        0.000   |        4.522   |  Neg. p = 0.0335  |
|      895       |       1        |        4.516   |        0.000   |        8.501   |  Neg. p = 0.0035  |
|      896       |       1        |        2.318   |        0.000   |        2.841   |  Neg. p = 0.0919  |
|      897       |       1        |        2.061   |        0.000   |        6.331   |  Neg. p = 0.0119  |
|      902       |       1        |        0.819   |        0.000   |        4.040   |  Neg. p = 0.0444  |
|      904       |       1        |        1.389   |        0.000   |        4.748   |  Neg. p = 0.0293  |
|      906       |       1        |        1.200   |        0.000   |        3.231   |  Neg. p = 0.0723  |
|      908       |       1        |        1.337   |        0.000   |        4.599   |  Neg. p = 0.0320  |
|      910       |       1        |        2.518   |        0.000   |        5.673   |  Neg. p = 0.0172  |
|      911       |       1        |        0.755   |        0.000   |        2.995   |  Neg. p = 0.0835  |
|      913       |       1        |        4.855   |        0.000   |        9.626   |  Neg. p = 0.0019  |
|      915       |       1        |        0.833   |        0.000   |        4.051   |  Neg. p = 0.0442  |
|      916       |       1        |        1.059   |        0.000   |        3.244   |  Neg. p = 0.0717  |
|      923       |       1        |        2.912   |        0.000   |        5.820   |  Neg. p = 0.0158  |
|      926       |       1        |        0.657   |        0.000   |        3.570   |  Neg. p = 0.0588  |
|      927       |       1        |        2.305   |        0.000   |        3.463   |  Neg. p = 0.0628  |
|      928       |       1        |        0.618   |        0.000   |        3.176   |  Neg. p = 0.0747  |
|      929       |       1        |        0.986   |        0.000   |        4.643   |  Neg. p = 0.0312  |
|      931       |       1        |        1.340   |        0.000   |        3.794   |  Neg. p = 0.0514  |
|      932       |       1        |        1.398   |        0.000   |        3.964   |  Neg. p = 0.0465  |
|      936       |       1        |        1.362   |        0.000   |        4.450   |  Neg. p = 0.0349  |
|      937       |       1        |        4.770   |        0.000   |        6.681   |  Neg. p = 0.0097  |
|      939       |       1        |        0.633   |        0.000   |        3.501   |  Neg. p = 0.0613  |
|      941       |       1        |        1.113   |        0.000   |        3.657   |  Neg. p = 0.0558  |
|      944       |       1        |        1.062   |        0.000   |        4.959   |  Neg. p = 0.0259  |
|      945       |       1        |        0.840   |        0.000   |        4.089   |  Neg. p = 0.0432  |
|      948       |       1        |        1.008   |        0.000   |        4.057   |  Neg. p = 0.0440  |
|      949       |       1        |        1.349   |        0.000   |        4.879   |  Neg. p = 0.0272  |
|      953       |       1        |        4.844   |        0.000   |        8.595   |  Neg. p = 0.0034  |
|      956       |       1        |        2.858   |        0.000   |        7.736   |  Neg. p = 0.0054  |
|      961       |       1        |        0.740   |        0.000   |        3.139   |  Neg. p = 0.0764  |
|      962       |       1        |        1.298   |        0.000   |        3.708   |  Neg. p = 0.0541  |
|      964       |       1        |        1.969   |        0.000   |        5.439   |  Neg. p = 0.0197  |
|      965       |       1        |        0.951   |        0.000   |        4.664   |  Neg. p = 0.0308  |
|      966       |       1        |        2.181   |        0.000   |        4.800   |  Neg. p = 0.0285  |
|      970       |       1        |        0.672   |        0.000   |        2.906   |  Neg. p = 0.0882  |
|      972       |       1        |        3.900   |        0.000   |        8.032   |  Neg. p = 0.0046  |
|      973       |       1        |        3.205   |        0.000   |        6.553   |  Neg. p = 0.0105  |
|      974       |       1        |        1.006   |        0.000   |        3.331   |  Neg. p = 0.0680  |
|      976       |       1        |        2.893   |        0.000   |        6.095   |  Neg. p = 0.0136  |
|      979       |       1        |        1.007   |        0.000   |        4.147   |  Neg. p = 0.0417  |
|      980       |       1        |        1.508   |        0.000   |        4.523   |  Neg. p = 0.0334  |
|      981       |       1        |        3.749   |        0.000   |        8.985   |  Neg. p = 0.0027  |
|      982       |       1        |        1.092   |        0.000   |        3.991   |  Neg. p = 0.0457  |
|      984       |       1        |        1.142   |        0.000   |        4.949   |  Neg. p = 0.0261  |
|      985       |       1        |        1.395   |        0.000   |        3.866   |  Neg. p = 0.0493  |
|      986       |       1        |        2.725   |        0.000   |        6.094   |  Neg. p = 0.0136  |
|      988       |       1        |        0.797   |        0.000   |        3.917   |  Neg. p = 0.0478  |
|      991       |       1        |        4.799   |        0.000   |        7.599   |  Neg. p = 0.0058  |
|      992       |       1        |        0.992   |        0.000   |        4.703   |  Neg. p = 0.0301  |
|      993       |       1        |        1.745   |        0.000   |        4.874   |  Neg. p = 0.0273  |
|      996       |       1        |        1.776   |        0.000   |        6.270   |  Neg. p = 0.0123  |
|      997       |       1        |        1.698   |        0.000   |        3.742   |  Neg. p = 0.0531  |
|      998       |       1        |        0.890   |        0.000   |        3.242   |  Neg. p = 0.0718  |
|      999       |       1        |        2.203   |        0.000   |        6.521   |  Neg. p = 0.0107  |
|      1000      |       1        |        2.785   |        0.000   |        7.609   |  Neg. p = 0.0058  |
|      1001      |       1        |        2.165   |        0.000   |        5.389   |  Neg. p = 0.0203  |
|      1002      |       1        |        1.396   |        0.000   |        3.509   |  Neg. p = 0.0610  |
|      1011      |       1        |        1.245   |        0.000   |        4.367   |  Neg. p = 0.0366  |
|      1012      |       1        |        1.442   |        0.000   |        5.084   |  Neg. p = 0.0242  |
|      1013      |       1        |        2.332   |        0.000   |        6.082   |  Neg. p = 0.0137  |
|      1018      |       1        |        2.139   |        0.000   |        6.608   |  Neg. p = 0.0102  |
|      1019      |       1        |        2.746   |        0.000   |        3.377   |  Neg. p = 0.0661  |
|      1021      |       1        |        1.957   |        0.000   |        5.986   |  Neg. p = 0.0144  |
|      1022      |       1        |        0.802   |        0.000   |        4.024   |  Neg. p = 0.0449  |
|      1023      |       1        |        1.147   |        0.000   |        3.539   |  Neg. p = 0.0599  |
|      1025      |       1        |        2.289   |        0.000   |        8.157   |  Neg. p = 0.0043  |
|      1028      |       1        |        1.570   |        0.000   |        5.016   |  Neg. p = 0.0251  |
|      1029      |       1        |        2.771   |        0.000   |        4.811   |  Neg. p = 0.0283  |
|      1030      |       1        |        7.734   |        0.000   |       11.694   |  Neg. p = 0.0006  |
|      1034      |       1        |        0.995   |        0.000   |        4.331   |  Neg. p = 0.0374  |
|      1037      |       1        |        0.938   |        0.000   |        4.314   |  Neg. p = 0.0378  |
|      1038      |       1        |        0.914   |        0.000   |        3.577   |  Neg. p = 0.0586  |
|      1040      |       1        |        1.909   |        0.000   |        5.986   |  Neg. p = 0.0144  |
|      1043      |       1        |        1.573   |        0.000   |        5.734   |  Neg. p = 0.0166  |
|      1045      |       1        |       18.696   |        0.000   |       12.485   |  Neg. p = 0.0004  |
|      1048      |       1        |        0.891   |        0.000   |        4.091   |  Neg. p = 0.0431  |
|      1049      |       1        |        0.664   |        0.000   |        2.956   |  Neg. p = 0.0855  |
|      1053      |       1        |        2.746   |        0.000   |        6.560   |  Neg. p = 0.0104  |
|      1055      |       1        |        0.969   |        0.000   |        4.281   |  Neg. p = 0.0385  |
|      1056      |       1        |        2.725   |        0.000   |        6.035   |  Neg. p = 0.0140  |
|      1058      |       1        |        2.225   |        0.000   |        6.176   |  Neg. p = 0.0129  |
|      1060      |       1        |        1.025   |        0.000   |        4.181   |  Neg. p = 0.0409  |
|      1061      |       1        |        6.450   |        0.000   |        8.148   |  Neg. p = 0.0043  |
|      1062      |       1        |        4.173   |        0.000   |        6.502   |  Neg. p = 0.0108  |
|      1063      |       1        |        1.177   |        0.000   |        4.025   |  Neg. p = 0.0448  |
|      1067      |       1        |        4.192   |        0.000   |        9.059   |  Neg. p = 0.0026  |
|      1069      |       1        |        6.750   |        0.000   |        8.259   |  Neg. p = 0.0041  |
|      1072      |       1        |        0.476   |        0.000   |        3.004   |  Neg. p = 0.0830  |
|      1074      |       1        |        2.848   |        0.000   |        7.230   |  Neg. p = 0.0072  |
|      1075      |       1        |        1.226   |        0.000   |        3.010   |  Neg. p = 0.0827  |
|      1076      |       1        |        1.358   |        0.000   |        4.004   |  Neg. p = 0.0454  |
|      1077      |       1        |        4.126   |        0.000   |        7.533   |  Neg. p = 0.0061  |
|      1078      |       1        |        1.068   |        0.001   |        4.385   |  Neg. p = 0.0363  |
|      1079      |       1        |        1.442   |        0.000   |        4.420   |  Neg. p = 0.0355  |
|      1080      |       1        |        1.929   |        0.000   |        5.927   |  Neg. p = 0.0149  |
|      1082      |       1        |        2.345   |        0.000   |        4.079   |  Neg. p = 0.0434  |
|      1084      |       1        |        1.381   |        0.000   |        2.764   |  Neg. p = 0.0964  |
|      1085      |       1        |        2.432   |        0.000   |        6.025   |  Neg. p = 0.0141  |
|      1086      |       1        |        0.996   |        0.000   |        5.346   |  Neg. p = 0.0208  |
|      1089      |       1        |        3.218   |        0.000   |        6.427   |  Neg. p = 0.0112  |
|      1093      |       1        |        2.942   |        0.000   |        5.828   |  Neg. p = 0.0158  |
|      1095      |       1        |        0.607   |        0.000   |        3.527   |  Neg. p = 0.0604  |
|      1096      |       1        |        1.949   |        0.000   |        5.087   |  Neg. p = 0.0241  |
|      1097      |       1        |        0.710   |        0.000   |        2.722   |  Neg. p = 0.0990  |
|      1098      |       1        |        1.409   |        0.000   |        4.734   |  Neg. p = 0.0296  |
|      1101      |       1        |        1.134   |        0.000   |        5.444   |  Neg. p = 0.0196  |
|      1102      |       1        |        1.600   |        0.000   |        3.520   |  Neg. p = 0.0606  |
|      1103      |       1        |        4.702   |        0.000   |        8.815   |  Neg. p = 0.0030  |
|      1104      |       1        |        1.763   |        0.000   |        4.714   |  Neg. p = 0.0299  |
|      1106      |       1        |        0.671   |        0.000   |        3.352   |  Neg. p = 0.0671  |
|      1108      |       1        |        3.482   |        0.000   |        6.141   |  Neg. p = 0.0132  |
|      1110      |       1        |        0.831   |        0.000   |        4.586   |  Neg. p = 0.0322  |
|      1111      |       1        |        1.522   |        0.000   |        3.904   |  Neg. p = 0.0482  |
|      1114      |       1        |        1.612   |        0.000   |        5.357   |  Neg. p = 0.0206  |
|      1115      |       1        |        1.392   |        0.000   |        5.613   |  Neg. p = 0.0178  |
|      1116      |       1        |        1.177   |        0.000   |        4.026   |  Neg. p = 0.0448  |
|      1118      |       1        |        2.245   |        0.000   |        4.014   |  Neg. p = 0.0451  |
|      1119      |       1        |        1.722   |        0.000   |        4.002   |  Neg. p = 0.0454  |
|      1121      |       1        |        1.722   |        0.000   |        4.980   |  Neg. p = 0.0256  |
|      1126      |       1        |        2.205   |        0.000   |        5.282   |  Neg. p = 0.0215  |
|      1127      |       1        |        1.030   |        0.000   |        4.825   |  Neg. p = 0.0281  |
|      1128      |       1        |        0.759   |        0.000   |        3.086   |  Neg. p = 0.0790  |
|      1129      |       1        |        0.884   |        0.000   |        3.437   |  Neg. p = 0.0638  |
|      1130      |       1        |        0.000   |        0.596   |        2.938   |  Pos. p = 0.0865  |
|      1131      |       1        |        0.582   |        0.000   |        2.879   |  Neg. p = 0.0898  |
|      1134      |       1        |        1.573   |        0.000   |        3.676   |  Neg. p = 0.0552  |
|      1135      |       1        |        1.752   |        0.000   |        5.213   |  Neg. p = 0.0224  |
|      1136      |       1        |        1.406   |        0.000   |        4.294   |  Neg. p = 0.0382  |
|      1141      |       1        |        3.152   |        0.000   |        7.039   |  Neg. p = 0.0080  |
|      1142      |       1        |        1.927   |        0.000   |        5.954   |  Neg. p = 0.0147  |
|      1145      |       1        |        3.022   |        0.000   |        6.655   |  Neg. p = 0.0099  |
|      1149      |       1        |        1.917   |        0.000   |        5.753   |  Neg. p = 0.0165  |
|      1150      |       1        |        1.642   |        0.000   |        3.592   |  Neg. p = 0.0580  |
|      1151      |       1        |        1.379   |        0.000   |        4.202   |  Neg. p = 0.0404  |
|      1154      |       1        |        0.692   |        0.000   |        3.239   |  Neg. p = 0.0719  |
|      1155      |       1        |        0.948   |        0.000   |        4.111   |  Neg. p = 0.0426  |
|      1156      |       1        |        0.710   |        0.000   |        3.165   |  Neg. p = 0.0752  |
|      1159      |       1        |        1.042   |        0.000   |        3.839   |  Neg. p = 0.0501  |
|      1160      |       1        |        5.941   |        0.000   |       12.979   |  Neg. p = 0.0003  |
|      1162      |       1        |        0.889   |        0.000   |        3.379   |  Neg. p = 0.0660  |
|      1165      |       1        |        2.611   |        0.000   |        6.755   |  Neg. p = 0.0094  |
|      1167      |       1        |        3.173   |        0.000   |       11.430   |  Neg. p = 0.0007  |
|      1168      |       1        |        0.534   |        0.000   |        2.842   |  Neg. p = 0.0918  |
|      1171      |       1        |        3.612   |        0.000   |        6.426   |  Neg. p = 0.0112  |
|      1172      |       1        |        1.207   |        0.000   |        4.101   |  Neg. p = 0.0429  |
|      1173      |       1        |        1.793   |        0.000   |        5.037   |  Neg. p = 0.0248  |
|      1174      |       1        |        0.966   |        0.000   |        4.382   |  Neg. p = 0.0363  |
|      1175      |       1        |        1.546   |        0.000   |        5.168   |  Neg. p = 0.0230  |
|      1176      |       1        |        2.432   |        0.000   |        3.689   |  Neg. p = 0.0548  |
|      1181      |       1        |        0.485   |        0.000   |        2.854   |  Neg. p = 0.0912  |
|      1182      |       1        |        4.027   |        0.000   |        8.338   |  Neg. p = 0.0039  |
|      1184      |       1        |        0.702   |        0.000   |        2.940   |  Neg. p = 0.0864  |
|      1185      |       1        |        1.608   |        0.000   |        7.345   |  Neg. p = 0.0067  |
|      1187      |       1        |        0.741   |        0.000   |        2.809   |  Neg. p = 0.0937  |
|      1189      |       1        |        2.690   |        0.000   |        6.858   |  Neg. p = 0.0088  |
|      1191      |       1        |        1.304   |        0.000   |        3.544   |  Neg. p = 0.0598  |
|      1192      |       1        |        2.484   |        0.000   |        5.029   |  Neg. p = 0.0249  |
|      1193      |       1        |        0.991   |        0.000   |        3.764   |  Neg. p = 0.0524  |
|      1194      |       1        |        2.115   |        0.000   |        4.165   |  Neg. p = 0.0413  |
|      1196      |       1        |        1.307   |        0.000   |        4.200   |  Neg. p = 0.0404  |
|      1378      |       1        |        1.307   |        0.000   |        4.200   |  Neg. p = 0.0404  |
|      1198      |       1        |        0.501   |        0.000   |        3.350   |  Neg. p = 0.0672  |
|      1199      |       1        |        0.890   |        0.000   |        4.582   |  Neg. p = 0.0323  |
|      1200      |       1        |        2.632   |        0.000   |        4.685   |  Neg. p = 0.0304  |
|      1201      |       1        |        0.901   |        0.000   |        4.207   |  Neg. p = 0.0403  |
|      1202      |       1        |        1.322   |        0.000   |        4.736   |  Neg. p = 0.0295  |
|      1206      |       1        |        1.571   |        0.000   |        3.634   |  Neg. p = 0.0566  |
|      1207      |       1        |        1.744   |        0.000   |        6.091   |  Neg. p = 0.0136  |
|      1208      |       1        |        0.563   |        0.000   |        2.933   |  Neg. p = 0.0868  |
|      1285      |       1        |        0.563   |        0.000   |        2.933   |  Neg. p = 0.0868  |
|      1871      |       1        |        0.563   |        0.000   |        2.933   |  Neg. p = 0.0868  |
|      1210      |       1        |        3.824   |        0.000   |        7.195   |  Neg. p = 0.0073  |
|      1211      |       1        |        2.011   |        0.000   |        6.838   |  Neg. p = 0.0089  |
|      1212      |       1        |        0.633   |        0.000   |        3.237   |  Neg. p = 0.0720  |
|      1214      |       1        |        1.589   |        0.000   |        5.020   |  Neg. p = 0.0251  |
|      1217      |       1        |        2.500   |        0.000   |        4.864   |  Neg. p = 0.0274  |
|      1218      |       1        |        1.270   |        0.000   |        4.138   |  Neg. p = 0.0419  |
|      1219      |       1        |        2.697   |        0.000   |        5.037   |  Neg. p = 0.0248  |
|      1220      |       1        |        0.846   |        0.000   |        3.549   |  Neg. p = 0.0596  |
|      1221      |       1        |        1.400   |        0.000   |        5.441   |  Neg. p = 0.0197  |
|      1222      |       1        |        0.965   |        0.000   |        4.038   |  Neg. p = 0.0445  |
|      1223      |       1        |        4.232   |        0.000   |       11.968   |  Neg. p = 0.0005  |
|      1224      |       1        |        1.033   |        0.000   |        3.070   |  Neg. p = 0.0797  |
|      1226      |       1        |        0.950   |        0.000   |        4.405   |  Neg. p = 0.0358  |
|      1227      |       1        |        4.451   |        0.000   |        5.366   |  Neg. p = 0.0205  |
|      1230      |       1        |        1.727   |        0.000   |        5.291   |  Neg. p = 0.0214  |
|      1231      |       1        |        1.748   |        0.000   |        5.612   |  Neg. p = 0.0178  |
|      1232      |       1        |        1.793   |        0.000   |        3.864   |  Neg. p = 0.0493  |
|      1234      |       1        |        1.619   |        0.000   |        6.635   |  Neg. p = 0.0100  |
|      1235      |       1        |        0.734   |        0.000   |        3.530   |  Neg. p = 0.0603  |
|      1237      |       1        |        1.729   |        0.000   |        4.962   |  Neg. p = 0.0259  |
|      1238      |       1        |        1.813   |        0.000   |        4.971   |  Neg. p = 0.0258  |
|      1239      |       1        |        0.484   |        0.000   |        2.810   |  Neg. p = 0.0937  |
|      1241      |       1        |        2.446   |        0.000   |        4.571   |  Neg. p = 0.0325  |
|      1242      |       1        |        0.592   |        0.000   |        3.240   |  Neg. p = 0.0719  |
|      1243      |       1        |        0.933   |        0.000   |        4.221   |  Neg. p = 0.0399  |
|      1245      |       1        |        2.258   |        0.000   |        3.173   |  Neg. p = 0.0749  |
|      1248      |       1        |        2.222   |        0.000   |        5.912   |  Neg. p = 0.0150  |
|      1249      |       1        |        1.940   |        0.000   |        6.252   |  Neg. p = 0.0124  |
|      1250      |       1        |        1.294   |        0.000   |        4.615   |  Neg. p = 0.0317  |
|      1251      |       1        |        0.835   |        0.000   |        4.587   |  Neg. p = 0.0322  |
|      1254      |       1        |        0.799   |        0.000   |        3.603   |  Neg. p = 0.0577  |
|      1256      |       1        |        1.045   |        0.000   |        3.571   |  Neg. p = 0.0588  |
|      1257      |       1        |        3.729   |        0.000   |        6.057   |  Neg. p = 0.0139  |
|      1259      |       1        |        1.509   |        0.000   |        4.012   |  Neg. p = 0.0452  |
|      1261      |       1        |        2.866   |        0.000   |        7.339   |  Neg. p = 0.0067  |
|      1262      |       1        |        1.168   |        0.000   |        3.942   |  Neg. p = 0.0471  |
|      1263      |       1        |        1.622   |        0.000   |        7.194   |  Neg. p = 0.0073  |
|      1265      |       1        |        0.890   |        0.000   |        4.630   |  Neg. p = 0.0314  |
|      1266      |       1        |        1.645   |        0.000   |        6.134   |  Neg. p = 0.0133  |
|      1267      |       1        |        1.362   |        0.000   |        4.716   |  Neg. p = 0.0299  |
|      1271      |       1        |        3.935   |        0.000   |        7.784   |  Neg. p = 0.0053  |
|      1273      |       1        |        0.991   |        0.000   |        3.567   |  Neg. p = 0.0590  |
|      1274      |       1        |        1.362   |        0.000   |        4.418   |  Neg. p = 0.0356  |
|      1276      |       1        |        0.969   |        0.000   |        3.289   |  Neg. p = 0.0697  |
|      1277      |       1        |        1.686   |        0.000   |        6.309   |  Neg. p = 0.0120  |
|      1278      |       1        |        0.873   |        0.000   |        4.307   |  Neg. p = 0.0380  |
|      1280      |       1        |        1.049   |        0.000   |        5.071   |  Neg. p = 0.0243  |
|      1281      |       1        |        0.506   |        0.000   |        2.720   |  Neg. p = 0.0991  |
|      1282      |       1        |        5.523   |        0.000   |       10.092   |  Neg. p = 0.0015  |
|      1283      |       1        |        2.307   |        0.000   |        7.725   |  Neg. p = 0.0054  |
|      1290      |       1        |        1.497   |        0.000   |        2.969   |  Neg. p = 0.0849  |
|      1293      |       1        |        1.460   |        0.000   |        5.109   |  Neg. p = 0.0238  |
|      1294      |       1        |        0.743   |        0.000   |        3.271   |  Neg. p = 0.0705  |
|      1295      |       1        |        2.864   |        0.000   |        7.106   |  Neg. p = 0.0077  |
|      1296      |       1        |        1.799   |        0.000   |        6.304   |  Neg. p = 0.0120  |
|      1299      |       1        |        0.595   |        0.000   |        3.130   |  Neg. p = 0.0768  |
|      1300      |       1        |        0.819   |        0.000   |        4.062   |  Neg. p = 0.0439  |
|      1301      |       1        |        0.858   |        0.000   |        5.207   |  Neg. p = 0.0225  |
|      1302      |       1        |        1.508   |        0.000   |        6.098   |  Neg. p = 0.0135  |
|      1305      |       1        |        1.396   |        0.000   |        4.385   |  Neg. p = 0.0363  |
|      1307      |       1        |        2.579   |        0.000   |        5.182   |  Neg. p = 0.0228  |
|      1308      |       1        |        0.973   |        0.000   |        3.623   |  Neg. p = 0.0570  |
|      1310      |       1        |        0.772   |        0.000   |        4.104   |  Neg. p = 0.0428  |
|      1311      |       1        |        1.299   |        0.000   |        3.208   |  Neg. p = 0.0733  |
|      1312      |       1        |        2.252   |        0.000   |        2.809   |  Neg. p = 0.0937  |
|      1322      |       1        |        1.803   |        0.000   |        5.232   |  Neg. p = 0.0222  |
|      1325      |       1        |        3.672   |        0.000   |        9.389   |  Neg. p = 0.0022  |
|      1326      |       1        |        1.797   |        0.000   |        5.935   |  Neg. p = 0.0148  |
|      1328      |       1        |        1.338   |        0.000   |        3.191   |  Neg. p = 0.0740  |
|      1330      |       1        |        0.855   |        0.000   |        3.078   |  Neg. p = 0.0794  |
|      1331      |       1        |        2.359   |        0.000   |        4.951   |  Neg. p = 0.0261  |
|      1332      |       1        |        2.431   |        0.000   |        4.466   |  Neg. p = 0.0346  |
|      1333      |       1        |        2.252   |        0.000   |        3.957   |  Neg. p = 0.0467  |
|      1334      |       1        |        0.650   |        0.000   |        2.835   |  Neg. p = 0.0922  |
|      1340      |       1        |        1.402   |        0.000   |        3.931   |  Neg. p = 0.0474  |
|      1342      |       1        |        2.894   |        0.000   |        6.390   |  Neg. p = 0.0115  |
|      1343      |       1        |        1.995   |        0.000   |        6.854   |  Neg. p = 0.0088  |
|      1344      |       1        |        1.004   |        0.000   |        3.822   |  Neg. p = 0.0506  |
|      1346      |       1        |        1.051   |        0.000   |        4.263   |  Neg. p = 0.0389  |
|      1349      |       1        |        1.167   |        0.000   |        3.608   |  Neg. p = 0.0575  |
|      1350      |       1        |        1.355   |        0.000   |        4.114   |  Neg. p = 0.0425  |
|      1351      |       1        |        9.777   |        0.000   |        9.193   |  Neg. p = 0.0024  |
|      1353      |       1        |        1.126   |        0.000   |        3.133   |  Neg. p = 0.0767  |
|      1354      |       1        |        0.751   |        0.000   |        2.895   |  Neg. p = 0.0889  |
|      1355      |       1        |        0.666   |        0.000   |        2.751   |  Neg. p = 0.0972  |
|      1356      |       1        |        1.295   |        0.000   |        3.705   |  Neg. p = 0.0542  |
|      1357      |       1        |        4.863   |        0.213   |        4.664   |  Neg. p = 0.0308  |
|      1364      |       1        |        2.116   |        0.000   |        7.906   |  Neg. p = 0.0049  |
|      1365      |       1        |        3.584   |        0.000   |        6.458   |  Neg. p = 0.0110  |
|      1366      |       1        |        1.257   |        0.000   |        4.824   |  Neg. p = 0.0281  |
|      1367      |       1        |        0.949   |        0.000   |        4.893   |  Neg. p = 0.0270  |
|      1368      |       1        |        2.107   |        0.000   |        6.205   |  Neg. p = 0.0127  |
|      1372      |       1        |        0.766   |        0.000   |        3.334   |  Neg. p = 0.0679  |
|      1373      |       1        |        0.617   |        0.000   |        2.937   |  Neg. p = 0.0866  |
|      1377      |       1        |        1.719   |        0.002   |        5.989   |  Neg. p = 0.0144  |
|      1379      |       1        |        3.913   |        0.000   |        6.975   |  Neg. p = 0.0083  |
|      1381      |       1        |        0.626   |        0.000   |        3.385   |  Neg. p = 0.0658  |
|      1382      |       1        |        1.179   |        0.000   |        4.151   |  Neg. p = 0.0416  |
|      1385      |       1        |        0.747   |        0.000   |        3.197   |  Neg. p = 0.0738  |
|      1390      |       1        |        0.755   |        0.000   |        3.018   |  Neg. p = 0.0823  |
|      1392      |       1        |        2.026   |        0.000   |        5.973   |  Neg. p = 0.0145  |
|      1393      |       1        |        0.888   |        0.000   |        3.726   |  Neg. p = 0.0536  |
|      1394      |       1        |        2.008   |        0.000   |        5.263   |  Neg. p = 0.0218  |
|      1398      |       1        |        0.996   |        0.000   |        4.468   |  Neg. p = 0.0345  |
|      1400      |       1        |        1.875   |        0.000   |        4.027   |  Neg. p = 0.0448  |
|      1401      |       1        |        1.349   |        0.000   |        4.855   |  Neg. p = 0.0276  |
|      1403      |       1        |        2.858   |        0.000   |        4.948   |  Neg. p = 0.0261  |
|      1405      |       1        |        0.959   |        0.000   |        4.840   |  Neg. p = 0.0278  |
|      1406      |       1        |        1.855   |        0.000   |        6.803   |  Neg. p = 0.0091  |
|      1407      |       1        |        1.754   |        0.000   |        4.254   |  Neg. p = 0.0392  |
|      1408      |       1        |        1.879   |        0.000   |        8.405   |  Neg. p = 0.0037  |
|      1411      |       1        |        0.651   |        0.000   |        3.311   |  Neg. p = 0.0688  |
|      1412      |       1        |        2.156   |        0.000   |        5.441   |  Neg. p = 0.0197  |
|      1414      |       1        |        2.344   |        0.000   |        5.743   |  Neg. p = 0.0166  |
|      1417      |       1        |        0.930   |        0.000   |        3.364   |  Neg. p = 0.0666  |
|      1418      |       1        |        0.991   |        0.000   |        4.301   |  Neg. p = 0.0381  |
|      1419      |       1        |        1.102   |        0.000   |        4.482   |  Neg. p = 0.0342  |
|      1426      |       1        |        0.961   |        0.000   |        3.782   |  Neg. p = 0.0518  |
|      1430      |       1        |        1.478   |        0.000   |        4.415   |  Neg. p = 0.0356  |
|      1431      |       1        |        1.234   |        0.000   |        5.125   |  Neg. p = 0.0236  |
|      1432      |       1        |        0.556   |        0.000   |        3.023   |  Neg. p = 0.0821  |
|      1436      |       1        |        0.533   |        0.000   |        3.120   |  Neg. p = 0.0773  |
|      1437      |       1        |       12.179   |        0.000   |       11.805   |  Neg. p = 0.0006  |
|      1438      |       1        |        1.080   |        0.000   |        5.448   |  Neg. p = 0.0196  |
|      1442      |       1        |        1.576   |        0.000   |        3.971   |  Neg. p = 0.0463  |
|      1443      |       1        |        0.955   |        0.000   |        4.923   |  Neg. p = 0.0265  |
|      1445      |       1        |        2.320   |        0.000   |        5.490   |  Neg. p = 0.0191  |
|      1449      |       1        |        2.402   |        0.000   |        5.528   |  Neg. p = 0.0187  |
|      1450      |       1        |        1.740   |        0.000   |        5.386   |  Neg. p = 0.0203  |
|      1452      |       1        |        3.478   |        0.000   |        6.390   |  Neg. p = 0.0115  |
|      1456      |       1        |        0.525   |        0.000   |        3.061   |  Neg. p = 0.0802  |
|      1457      |       1        |        2.854   |        0.000   |        3.526   |  Neg. p = 0.0604  |
|      1459      |       1        |        1.912   |        0.000   |        5.822   |  Neg. p = 0.0158  |
|      1460      |       1        |        0.908   |        0.000   |        3.434   |  Neg. p = 0.0639  |
|      1461      |       1        |        0.949   |        0.000   |        3.088   |  Neg. p = 0.0789  |
|      1466      |       1        |        2.314   |        0.000   |        5.625   |  Neg. p = 0.0177  |
|      1467      |       1        |        0.755   |        0.000   |        3.297   |  Neg. p = 0.0694  |
|      1468      |       1        |        2.498   |        0.000   |        2.926   |  Neg. p = 0.0872  |
|      1470      |       1        |        2.591   |        0.000   |        3.903   |  Neg. p = 0.0482  |
|      1472      |       1        |        0.636   |        0.000   |        2.837   |  Neg. p = 0.0921  |
|      1473      |       1        |        1.541   |        0.000   |        6.317   |  Neg. p = 0.0120  |
|      1476      |       1        |        1.869   |        0.000   |        5.368   |  Neg. p = 0.0205  |
|      1479      |       1        |        1.680   |        0.000   |        6.472   |  Neg. p = 0.0110  |
|      1482      |       1        |        1.131   |        0.000   |        4.066   |  Neg. p = 0.0437  |
|      1483      |       1        |        1.257   |        0.000   |        3.179   |  Neg. p = 0.0746  |
|      1484      |       1        |        0.712   |        0.000   |        3.695   |  Neg. p = 0.0546  |
|      1485      |       1        |        0.905   |        0.000   |        5.037   |  Neg. p = 0.0248  |
|      1486      |       1        |        1.021   |        0.000   |        3.577   |  Neg. p = 0.0586  |
|      1487      |       1        |        1.625   |        0.000   |        3.230   |  Neg. p = 0.0723  |
|      1488      |       1        |        1.126   |        0.000   |        4.976   |  Neg. p = 0.0257  |
|      1490      |       1        |        0.739   |        0.000   |        3.634   |  Neg. p = 0.0566  |
|      1491      |       1        |        3.986   |        0.000   |        8.710   |  Neg. p = 0.0032  |
|      1494      |       1        |        1.726   |        0.000   |        6.279   |  Neg. p = 0.0122  |
|      1495      |       1        |        2.299   |        0.000   |        5.387   |  Neg. p = 0.0203  |
|      1499      |       1        |        0.569   |        0.000   |        3.018   |  Neg. p = 0.0824  |
|      1500      |       1        |        1.465   |        0.000   |        5.082   |  Neg. p = 0.0242  |
|      1501      |       1        |        1.126   |        0.000   |        3.135   |  Neg. p = 0.0766  |
|      1502      |       1        |        1.302   |        0.000   |        3.393   |  Neg. p = 0.0655  |
|      1503      |       1        |        0.877   |        0.000   |        4.294   |  Neg. p = 0.0382  |
|      1504      |       1        |        1.141   |        0.000   |        4.207   |  Neg. p = 0.0402  |
|      1505      |       1        |        5.278   |        0.000   |        9.009   |  Neg. p = 0.0027  |
|      1506      |       1        |        1.552   |        0.000   |        4.698   |  Neg. p = 0.0302  |
|      1507      |       1        |        1.214   |        0.000   |        3.843   |  Neg. p = 0.0500  |
|      1508      |       1        |        2.184   |        0.000   |        5.962   |  Neg. p = 0.0146  |
|      1509      |       1        |        1.364   |        0.000   |        5.474   |  Neg. p = 0.0193  |
|      1510      |       1        |        1.328   |        0.000   |        3.111   |  Neg. p = 0.0778  |
|      1513      |       1        |        1.424   |        0.000   |        5.946   |  Neg. p = 0.0148  |
|      1514      |       1        |        3.663   |        0.484   |        2.744   |  Neg. p = 0.0976  |
|      1515      |       1        |        1.395   |        0.000   |        5.210   |  Neg. p = 0.0225  |
|      1516      |       1        |        1.517   |        0.000   |        4.740   |  Neg. p = 0.0295  |
|      1517      |       1        |        2.262   |        0.000   |        3.005   |  Neg. p = 0.0830  |
|      1523      |       1        |        2.049   |        0.000   |        5.649   |  Neg. p = 0.0175  |
|      1525      |       1        |        7.539   |        0.000   |        9.848   |  Neg. p = 0.0017  |
|      1528      |       1        |        2.232   |        0.001   |        6.936   |  Neg. p = 0.0084  |
|      1529      |       1        |        1.107   |        0.000   |        4.762   |  Neg. p = 0.0291  |
|      1530      |       1        |        3.134   |        0.000   |        2.908   |  Neg. p = 0.0881  |
|      1531      |       1        |        0.703   |        0.000   |        3.193   |  Neg. p = 0.0740  |
|      1532      |       1        |        1.560   |        0.000   |        3.749   |  Neg. p = 0.0528  |
|      1533      |       1        |        1.849   |        0.000   |        5.595   |  Neg. p = 0.0180  |
|      1535      |       1        |        1.009   |        0.000   |        3.920   |  Neg. p = 0.0477  |
|      1536      |       1        |        1.895   |        0.000   |        3.898   |  Neg. p = 0.0483  |
|      1540      |       1        |        1.897   |        0.000   |        4.379   |  Neg. p = 0.0364  |
|      1542      |       1        |        1.033   |        0.000   |        4.594   |  Neg. p = 0.0321  |
|      1543      |       1        |        0.918   |        0.000   |        3.600   |  Neg. p = 0.0578  |
|      1544      |       1        |        1.426   |        0.000   |        4.057   |  Neg. p = 0.0440  |
|      1545      |       1        |        1.160   |        0.000   |        5.138   |  Neg. p = 0.0234  |
|      1546      |       1        |        1.165   |        0.000   |        3.620   |  Neg. p = 0.0571  |
|      1547      |       1        |        1.355   |        0.000   |        2.911   |  Neg. p = 0.0880  |
|      1548      |       1        |        1.161   |        0.000   |        5.007   |  Neg. p = 0.0253  |
|      1549      |       1        |        1.676   |        0.000   |        4.574   |  Neg. p = 0.0325  |
|      1550      |       1        |        1.776   |        0.000   |        4.711   |  Neg. p = 0.0300  |
|      1551      |       1        |        0.906   |        0.000   |        3.956   |  Neg. p = 0.0467  |
|      1553      |       1        |        2.836   |        0.000   |        7.812   |  Neg. p = 0.0052  |
|      1555      |       1        |        3.741   |        0.000   |        4.615   |  Neg. p = 0.0317  |
|      1556      |       1        |        3.209   |        0.000   |        7.268   |  Neg. p = 0.0070  |
|      1559      |       1        |        1.156   |        0.000   |        6.214   |  Neg. p = 0.0127  |
|      1562      |       1        |        2.795   |        0.000   |       10.153   |  Neg. p = 0.0014  |
|      1563      |       1        |        1.656   |        0.000   |        4.003   |  Neg. p = 0.0454  |
|      1566      |       1        |        0.992   |        0.000   |        3.536   |  Neg. p = 0.0600  |
|      1567      |       1        |        1.779   |        0.000   |        6.319   |  Neg. p = 0.0119  |
|      1568      |       1        |        0.850   |        0.000   |        3.365   |  Neg. p = 0.0666  |
|      1569      |       1        |        1.419   |        0.000   |        5.991   |  Neg. p = 0.0144  |
|      1572      |       1        |        3.208   |        0.000   |        7.135   |  Neg. p = 0.0076  |
|      1573      |       1        |        2.606   |        0.000   |        6.515   |  Neg. p = 0.0107  |
|      1574      |       1        |        1.654   |        0.000   |        5.030   |  Neg. p = 0.0249  |
|      1575      |       1        |        1.516   |        0.000   |        4.887   |  Neg. p = 0.0271  |
|      1577      |       1        |        0.519   |        0.000   |        2.744   |  Neg. p = 0.0976  |
|      1578      |       1        |        2.824   |        0.000   |        3.845   |  Neg. p = 0.0499  |
|      1579      |       1        |        1.187   |        0.000   |        4.177   |  Neg. p = 0.0410  |
|      1580      |       1        |        1.912   |        0.000   |        5.174   |  Neg. p = 0.0229  |
|      1581      |       1        |        0.573   |        0.000   |        3.280   |  Neg. p = 0.0701  |
|      1583      |       1        |        0.969   |        0.000   |        4.732   |  Neg. p = 0.0296  |
|      1584      |       1        |        1.054   |        0.000   |        3.570   |  Neg. p = 0.0588  |
|      1587      |       1        |        2.390   |        0.000   |        5.872   |  Neg. p = 0.0154  |
|      1591      |       1        |        1.240   |        0.000   |        5.308   |  Neg. p = 0.0212  |
|      1592      |       1        |        0.997   |        0.000   |        3.364   |  Neg. p = 0.0666  |
|      1597      |       1        |        1.749   |        0.000   |        3.845   |  Neg. p = 0.0499  |
|      1599      |       1        |        0.692   |        0.000   |        3.351   |  Neg. p = 0.0672  |
|      1600      |       1        |        2.100   |        0.000   |        6.020   |  Neg. p = 0.0141  |
|      1601      |       1        |        0.572   |        0.000   |        3.024   |  Neg. p = 0.0821  |
|      1602      |       1        |        1.331   |        0.000   |        4.350   |  Neg. p = 0.0370  |
|      1603      |       1        |        1.856   |        0.000   |        6.746   |  Neg. p = 0.0094  |
|      1604      |       1        |        1.032   |        0.000   |        4.908   |  Neg. p = 0.0267  |
|      1606      |       1        |        0.969   |        0.000   |        3.169   |  Neg. p = 0.0750  |
|      1607      |       1        |        3.558   |        0.000   |        6.425   |  Neg. p = 0.0113  |
|      1609      |       1        |        0.939   |        0.000   |        2.852   |  Neg. p = 0.0913  |
|      1610      |       1        |        1.012   |        0.000   |        3.340   |  Neg. p = 0.0676  |
|      1611      |       1        |        0.932   |        0.000   |        4.638   |  Neg. p = 0.0313  |
|      1612      |       1        |      434.193   |        0.000   |        4.580   |  Neg. p = 0.0323  |
|      1613      |       1        |        1.803   |        0.000   |        6.145   |  Neg. p = 0.0132  |
|      1615      |       1        |        1.799   |        0.000   |        3.916   |  Neg. p = 0.0478  |
|      1616      |       1        |        0.595   |        0.000   |        3.002   |  Neg. p = 0.0832  |
|      1618      |       1        |        6.265   |        0.000   |        8.972   |  Neg. p = 0.0027  |
|      1621      |       1        |        1.601   |        0.000   |        4.482   |  Neg. p = 0.0343  |
|      1625      |       1        |        8.019   |        0.000   |       10.993   |  Neg. p = 0.0009  |
|      1627      |       1        |        0.910   |        0.000   |        3.612   |  Neg. p = 0.0574  |
|      1628      |       1        |        0.678   |        0.000   |        3.608   |  Neg. p = 0.0575  |
|      1629      |       1        |        1.478   |        0.000   |        6.245   |  Neg. p = 0.0125  |
|      1630      |       1        |        2.464   |        0.000   |        8.131   |  Neg. p = 0.0044  |
|      1632      |       1        |        2.072   |        0.000   |        4.809   |  Neg. p = 0.0283  |
|      1633      |       1        |        0.725   |        0.000   |        3.109   |  Neg. p = 0.0779  |
|      1634      |       1        |        0.962   |        0.000   |        3.699   |  Neg. p = 0.0545  |
|      1638      |       1        |        1.802   |        0.000   |        5.319   |  Neg. p = 0.0211  |
|      1647      |       1        |        2.374   |        0.000   |        6.458   |  Neg. p = 0.0110  |
|      1648      |       1        |        1.101   |        0.000   |        3.071   |  Neg. p = 0.0797  |
|      1649      |       1        |        4.102   |        0.000   |        6.595   |  Neg. p = 0.0102  |
|      1651      |       1        |        2.062   |        0.000   |        4.924   |  Neg. p = 0.0265  |
|      1652      |       1        |        1.960   |        0.000   |        5.251   |  Neg. p = 0.0219  |
|      1653      |       1        |        3.279   |        0.000   |        7.872   |  Neg. p = 0.0050  |
|      1654      |       1        |        1.406   |        0.000   |        3.597   |  Neg. p = 0.0579  |
|      1655      |       1        |        3.574   |        0.000   |        5.616   |  Neg. p = 0.0178  |
|      1658      |       1        |        3.990   |        0.000   |        6.669   |  Neg. p = 0.0098  |
|      1659      |       1        |        1.715   |        0.000   |        3.938   |  Neg. p = 0.0472  |
|      1661      |       1        |        2.338   |        0.000   |        4.842   |  Neg. p = 0.0278  |
|      1666      |       1        |        1.503   |        0.000   |        3.846   |  Neg. p = 0.0499  |
|      1667      |       1        |        0.965   |        0.000   |        3.107   |  Neg. p = 0.0780  |
|      1668      |       1        |        3.163   |        0.000   |        6.553   |  Neg. p = 0.0105  |
|      1669      |       1        |        0.912   |        0.000   |        4.396   |  Neg. p = 0.0360  |
|      1670      |       1        |        0.831   |        0.000   |        4.005   |  Neg. p = 0.0454  |
|      1671      |       1        |        1.560   |        0.000   |        3.958   |  Neg. p = 0.0466  |
|      1672      |       1        |        0.513   |        0.000   |        2.800   |  Neg. p = 0.0943  |
|      1673      |       1        |        1.932   |        0.000   |        5.117   |  Neg. p = 0.0237  |
|      1674      |       1        |        1.904   |        0.000   |        5.606   |  Neg. p = 0.0179  |
|      1677      |       1        |        3.190   |        0.000   |        6.730   |  Neg. p = 0.0095  |
|      1678      |       1        |        0.783   |        0.000   |        4.528   |  Neg. p = 0.0333  |
|      1679      |       1        |        2.172   |        0.000   |        5.348   |  Neg. p = 0.0208  |
|      1680      |       1        |        3.326   |        0.000   |        7.381   |  Neg. p = 0.0066  |
|      1681      |       1        |        2.344   |        0.000   |        4.836   |  Neg. p = 0.0279  |
|      1682      |       1        |        2.359   |        0.000   |        5.681   |  Neg. p = 0.0172  |
|      1683      |       1        |        1.400   |        0.000   |        4.575   |  Neg. p = 0.0324  |
|      1685      |       1        |        0.951   |        0.000   |        2.813   |  Neg. p = 0.0935  |
|      1686      |       1        |        1.015   |        0.000   |        3.402   |  Neg. p = 0.0651  |
|      1690      |       1        |        0.721   |        0.000   |        2.848   |  Neg. p = 0.0915  |
|      1692      |       1        |        2.609   |        0.000   |        7.969   |  Neg. p = 0.0048  |
|      1696      |       1        |        3.727   |        0.000   |        7.721   |  Neg. p = 0.0055  |
|      1700      |       1        |        1.377   |        0.000   |        3.435   |  Neg. p = 0.0638  |
|      1702      |       1        |        0.810   |        0.041   |        3.176   |  Neg. p = 0.0747  |
|      1703      |       1        |        5.013   |        0.000   |        9.512   |  Neg. p = 0.0020  |
|      1704      |       1        |        0.944   |        0.000   |        4.573   |  Neg. p = 0.0325  |
|      1705      |       1        |        1.020   |        0.000   |        5.207   |  Neg. p = 0.0225  |
|      1707      |       1        |        1.313   |        0.000   |        4.247   |  Neg. p = 0.0393  |
|      1708      |       1        |        2.550   |        0.000   |        7.219   |  Neg. p = 0.0072  |
|      1709      |       1        |        0.817   |        0.000   |        3.127   |  Neg. p = 0.0770  |
|      1710      |       1        |        1.533   |        0.000   |        4.270   |  Neg. p = 0.0388  |
|      1713      |       1        |        1.159   |        0.000   |        4.773   |  Neg. p = 0.0289  |
|      1716      |       1        |        1.090   |        0.000   |        4.184   |  Neg. p = 0.0408  |
|      1717      |       1        |        2.209   |        0.000   |        4.691   |  Neg. p = 0.0303  |
|      1718      |       1        |        2.865   |        0.000   |        8.109   |  Neg. p = 0.0044  |
|      1719      |       1        |        1.347   |        0.000   |        3.222   |  Neg. p = 0.0727  |
|      1720      |       1        |        1.831   |        0.000   |        5.277   |  Neg. p = 0.0216  |
|      1721      |       1        |        2.359   |        0.000   |        6.070   |  Neg. p = 0.0138  |
|      1723      |       1        |        1.304   |        0.000   |        5.621   |  Neg. p = 0.0177  |
|      1727      |       1        |        1.519   |        0.000   |        3.893   |  Neg. p = 0.0485  |
|      1728      |       1        |        0.591   |        0.000   |        2.977   |  Neg. p = 0.0845  |
|      1729      |       1        |        2.088   |        0.000   |        6.791   |  Neg. p = 0.0092  |
|      1730      |       1        |        2.436   |        0.000   |        6.838   |  Neg. p = 0.0089  |
|      1731      |       1        |        0.725   |        0.000   |        4.354   |  Neg. p = 0.0369  |
|      1732      |       1        |        4.538   |        0.000   |        8.735   |  Neg. p = 0.0031  |
|      1733      |       1        |        1.404   |        0.000   |        4.701   |  Neg. p = 0.0301  |
|      1734      |       1        |        2.247   |        0.000   |        5.938   |  Neg. p = 0.0148  |
|      1736      |       1        |        2.824   |        0.000   |        3.482   |  Neg. p = 0.0620  |
|      1737      |       1        |        1.191   |        0.000   |        5.262   |  Neg. p = 0.0218  |
|      1738      |       1        |        1.631   |        0.000   |        3.901   |  Neg. p = 0.0482  |
|      1739      |       1        |        1.518   |        0.000   |        4.501   |  Neg. p = 0.0339  |
|      1741      |       1        |        1.375   |        0.000   |        5.903   |  Neg. p = 0.0151  |
|      1742      |       1        |        1.895   |        0.000   |        6.858   |  Neg. p = 0.0088  |
|      1748      |       1        |        2.697   |        0.000   |        6.054   |  Neg. p = 0.0139  |
|      1753      |       1        |        1.731   |        0.000   |        5.763   |  Neg. p = 0.0164  |
|      1754      |       1        |        1.817   |        0.000   |        3.590   |  Neg. p = 0.0581  |
|      1755      |       1        |        1.048   |        0.000   |        3.590   |  Neg. p = 0.0581  |
|      1756      |       1        |        1.923   |        0.000   |        7.370   |  Neg. p = 0.0066  |
|      1757      |       1        |        2.900   |        0.000   |        8.099   |  Neg. p = 0.0044  |
|      1758      |       1        |        0.746   |        0.000   |        3.365   |  Neg. p = 0.0666  |
|      1759      |       1        |        0.528   |        0.000   |        3.267   |  Neg. p = 0.0707  |
|      1760      |       1        |        2.770   |        0.000   |        6.078   |  Neg. p = 0.0137  |
|      1761      |       1        |        1.311   |        0.000   |        3.896   |  Neg. p = 0.0484  |
|      1762      |       1        |        1.346   |        0.000   |        2.888   |  Neg. p = 0.0892  |
|      1763      |       1        |        0.942   |        0.000   |        3.737   |  Neg. p = 0.0532  |
|      1765      |       1        |        0.773   |        0.000   |        3.557   |  Neg. p = 0.0593  |
|      1766      |       1        |        2.065   |        0.000   |        4.475   |  Neg. p = 0.0344  |
|      1772      |       1        |        0.998   |        0.000   |        3.375   |  Neg. p = 0.0662  |
|      1775      |       1        |        3.434   |        0.000   |        5.742   |  Neg. p = 0.0166  |
|      1778      |       1        |        3.111   |        0.000   |        7.018   |  Neg. p = 0.0081  |
|      1779      |       1        |        1.422   |        0.000   |        5.339   |  Neg. p = 0.0208  |
|      1781      |       1        |        0.736   |        0.000   |        3.418   |  Neg. p = 0.0645  |
|      1785      |       1        |        1.388   |        0.000   |        3.790   |  Neg. p = 0.0516  |
|      1786      |       1        |        2.845   |        0.000   |        5.457   |  Neg. p = 0.0195  |
|      1788      |       1        |        1.564   |        0.000   |        4.506   |  Neg. p = 0.0338  |
|      1790      |       1        |        0.540   |        0.000   |        2.918   |  Neg. p = 0.0876  |
|      1791      |       1        |        0.921   |        0.000   |        3.992   |  Neg. p = 0.0457  |
|      1794      |       1        |        1.552   |        0.000   |        4.686   |  Neg. p = 0.0304  |
|      1796      |       1        |        2.042   |        0.000   |        5.764   |  Neg. p = 0.0164  |
|      1797      |       1        |        1.363   |        0.000   |        4.043   |  Neg. p = 0.0444  |
|      1798      |       1        |        1.687   |        0.000   |        6.118   |  Neg. p = 0.0134  |
|      1801      |       1        |        1.614   |        0.000   |        5.460   |  Neg. p = 0.0195  |
|      1802      |       1        |        2.699   |        0.000   |        3.303   |  Neg. p = 0.0691  |
|      1806      |       1        |        1.072   |        0.000   |        3.617   |  Neg. p = 0.0572  |
|      1807      |       1        |        1.014   |        0.000   |        5.289   |  Neg. p = 0.0215  |
|      1809      |       1        |        2.374   |        0.000   |        6.314   |  Neg. p = 0.0120  |
|      1810      |       1        |        0.849   |        0.000   |        4.607   |  Neg. p = 0.0318  |
|      1812      |       1        |        2.463   |        0.000   |        6.492   |  Neg. p = 0.0108  |
|      1818      |       1        |        2.057   |        0.000   |        5.459   |  Neg. p = 0.0195  |
|      1820      |       1        |        0.639   |        0.000   |        3.214   |  Neg. p = 0.0730  |
|      1822      |       1        |        2.674   |        0.000   |        8.135   |  Neg. p = 0.0043  |
|      1823      |       1        |        2.131   |        0.000   |        5.635   |  Neg. p = 0.0176  |
|      1824      |       1        |        1.276   |        0.000   |        6.501   |  Neg. p = 0.0108  |
|      1825      |       1        |        0.805   |        0.000   |        4.290   |  Neg. p = 0.0383  |
|      1826      |       1        |        0.956   |        0.000   |        3.309   |  Neg. p = 0.0689  |
|      1827      |       1        |        0.881   |        0.000   |        2.761   |  Neg. p = 0.0966  |
|      1828      |       1        |        2.373   |        0.000   |        9.228   |  Neg. p = 0.0024  |
|      1829      |       1        |        0.885   |        0.000   |        3.440   |  Neg. p = 0.0636  |
|      1830      |       1        |        1.874   |        0.000   |        3.832   |  Neg. p = 0.0503  |
|      1833      |       1        |        1.014   |        0.000   |        3.139   |  Neg. p = 0.0764  |
|      1835      |       1        |        2.054   |        0.000   |        6.232   |  Neg. p = 0.0125  |
|      1837      |       1        |        0.792   |        0.000   |        2.989   |  Neg. p = 0.0838  |
|      1838      |       1        |        1.048   |        0.000   |        2.747   |  Neg. p = 0.0974  |
|      1841      |       1        |        1.589   |        0.000   |        5.754   |  Neg. p = 0.0164  |
|      1843      |       1        |        1.026   |        0.000   |        5.810   |  Neg. p = 0.0159  |
|      1849      |       1        |        1.427   |        0.000   |        4.416   |  Neg. p = 0.0356  |
|      1851      |       1        |        5.822   |        0.000   |        7.444   |  Neg. p = 0.0064  |
|      1852      |       1        |        1.173   |        0.000   |        4.903   |  Neg. p = 0.0268  |
|      1853      |       1        |        0.711   |        0.000   |        4.175   |  Neg. p = 0.0410  |
|      1854      |       1        |        1.447   |        0.000   |        5.297   |  Neg. p = 0.0214  |
|      1855      |       1        |        0.986   |        0.000   |        3.554   |  Neg. p = 0.0594  |
|      1857      |       1        |        1.963   |        0.000   |        4.157   |  Neg. p = 0.0415  |
|      1858      |       1        |        0.811   |        0.000   |        4.089   |  Neg. p = 0.0432  |
|      1860      |       1        |        3.179   |        0.000   |        9.090   |  Neg. p = 0.0026  |
|      1862      |       1        |        0.701   |        0.000   |        2.856   |  Neg. p = 0.0910  |
|      1863      |       1        |        1.028   |        0.000   |        4.455   |  Neg. p = 0.0348  |
|      1864      |       1        |        2.173   |        0.000   |        4.625   |  Neg. p = 0.0315  |
|      1868      |       1        |        1.754   |        0.000   |        5.436   |  Neg. p = 0.0197  |
|      1870      |       1        |        1.120   |        0.000   |        3.205   |  Neg. p = 0.0734  |
|      1872      |       1        |        1.273   |        0.000   |        4.177   |  Neg. p = 0.0410  |
|      1874      |       1        |        3.652   |        0.000   |        9.675   |  Neg. p = 0.0019  |
|      1875      |       1        |        0.830   |        0.000   |        3.234   |  Neg. p = 0.0721  |
|      1876      |       1        |        0.794   |        0.000   |        3.964   |  Neg. p = 0.0465  |
|      1878      |       1        |        0.895   |        0.000   |        3.531   |  Neg. p = 0.0602  |
|      1880      |       1        |        1.930   |        0.000   |        4.320   |  Neg. p = 0.0377  |
|      1881      |       1        |        1.129   |        0.000   |        3.645   |  Neg. p = 0.0562  |
|      1885      |       1        |        0.735   |        0.000   |        3.424   |  Neg. p = 0.0643  |
|      1886      |       1        |       12.221   |        0.000   |       10.175   |  Neg. p = 0.0014  |
|      1889      |       1        |        1.787   |        0.000   |        5.633   |  Neg. p = 0.0176  |
|      1891      |       1        |        0.954   |        0.000   |        5.745   |  Neg. p = 0.0165  |
|      1892      |       1        |        2.164   |        0.000   |        6.222   |  Neg. p = 0.0126  |
|      1893      |       1        |        2.044   |        0.000   |        5.567   |  Neg. p = 0.0183  |
|      1894      |       1        |        0.689   |        0.000   |        3.106   |  Neg. p = 0.0780  |
|      1895      |       1        |        1.051   |        0.000   |        3.973   |  Neg. p = 0.0462  |
|      1896      |       1        |        1.023   |        0.000   |        3.718   |  Neg. p = 0.0538  |
|      1897      |       1        |        1.679   |        0.000   |        6.399   |  Neg. p = 0.0114  |
|      1900      |       1        |        4.355   |        0.000   |        8.826   |  Neg. p = 0.0030  |
|      1901      |       1        |        1.176   |        0.000   |        4.041   |  Neg. p = 0.0444  |
|      1903      |       1        |        2.298   |        0.000   |        5.585   |  Neg. p = 0.0181  |
|      1907      |       1        |        0.996   |        0.000   |        4.472   |  Neg. p = 0.0345  |
|      1908      |       1        |        1.510   |        0.000   |        6.842   |  Neg. p = 0.0089  |
|      1909      |       1        |        0.543   |        0.000   |        2.710   |  Neg. p = 0.0997  |
|      1910      |       1        |        0.354   |        0.000   |        2.855   |  Neg. p = 0.0911  |
|      1913      |       1        |        0.876   |        0.000   |        4.451   |  Neg. p = 0.0349  |
|      1914      |       1        |        2.574   |        0.000   |        4.307   |  Neg. p = 0.0380  |
|      1915      |       1        |        2.325   |        0.000   |        6.861   |  Neg. p = 0.0088  |
|      1916      |       1        |        1.923   |        0.000   |        4.616   |  Neg. p = 0.0317  |
|      1917      |       1        |        1.814   |        0.000   |        5.951   |  Neg. p = 0.0147  |
|      1919      |       1        |        5.950   |        0.000   |        7.838   |  Neg. p = 0.0051  |
|      1921      |       1        |        1.276   |        0.000   |        4.469   |  Neg. p = 0.0345  |
|      1922      |       1        |        1.468   |        0.000   |        4.066   |  Neg. p = 0.0437  |
|      1923      |       1        |        2.300   |        0.000   |        6.410   |  Neg. p = 0.0113  |
|      1926      |       1        |        2.402   |        0.000   |        5.528   |  Neg. p = 0.0187  |
|      1934      |       1        |        2.705   |        0.000   |        4.817   |  Neg. p = 0.0282  |
|      1935      |       1        |        0.857   |        0.000   |        4.483   |  Neg. p = 0.0342  |
|      1936      |       1        |        0.831   |        0.000   |        4.465   |  Neg. p = 0.0346  |
|      1937      |       1        |        3.473   |        0.000   |        5.615   |  Neg. p = 0.0178  |
|      1939      |       1        |        1.446   |        0.000   |        2.878   |  Neg. p = 0.0898  |
|      1940      |       1        |        2.354   |        0.000   |        3.366   |  Neg. p = 0.0666  |
|      1942      |       1        |        0.645   |        0.000   |        2.759   |  Neg. p = 0.0967  |
|      1943      |       1        |        0.742   |        0.000   |        4.095   |  Neg. p = 0.0430  |
|      1944      |       1        |        0.711   |        0.000   |        3.076   |  Neg. p = 0.0794  |
|      1945      |       1        |        1.877   |        0.000   |        5.811   |  Neg. p = 0.0159  |
|      1948      |       1        |        0.726   |        0.000   |        3.311   |  Neg. p = 0.0688  |
|      1949      |       1        |        1.163   |        0.000   |        3.603   |  Neg. p = 0.0577  |
|      1952      |       1        |        0.944   |        0.000   |        4.167   |  Neg. p = 0.0412  |
|      1954      |       1        |        0.559   |        0.000   |        3.105   |  Neg. p = 0.0781  |
|      1955      |       1        |        2.993   |        0.000   |        2.927   |  Neg. p = 0.0871  |
|      1956      |       1        |        0.658   |        0.000   |        3.498   |  Neg. p = 0.0614  |
|      1957      |       1        |        2.409   |        0.000   |        7.589   |  Neg. p = 0.0059  |
|      1958      |       1        |        1.321   |        0.000   |        4.646   |  Neg. p = 0.0311  |
|      1960      |       1        |        0.735   |        0.000   |        3.221   |  Neg. p = 0.0727  |
|      1963      |       1        |        0.790   |        0.000   |        3.916   |  Neg. p = 0.0478  |
|      1969      |       1        |        1.054   |        0.000   |        3.564   |  Neg. p = 0.0590  |
|      1971      |       1        |       10.046   |        0.000   |       10.770   |  Neg. p = 0.0010  |
|      1974      |       1        |        0.726   |        0.000   |        3.248   |  Neg. p = 0.0715  |
|      1976      |       1        |        2.591   |        0.000   |        3.564   |  Neg. p = 0.0590  |
|      1977      |       1        |        1.334   |        0.000   |        3.000   |  Neg. p = 0.0833  |
|      1978      |       1        |        3.425   |        0.000   |        7.412   |  Neg. p = 0.0065  |
|      1980      |       1        |        1.829   |        0.000   |        5.757   |  Neg. p = 0.0164  |
|      1983      |       1        |        1.196   |        0.000   |        4.251   |  Neg. p = 0.0392  |
|      1985      |       1        |        1.033   |        0.000   |        4.864   |  Neg. p = 0.0274  |
|      1987      |       1        |        1.129   |        0.000   |        4.583   |  Neg. p = 0.0323  |
|      1988      |       1        |        2.019   |        0.000   |        4.694   |  Neg. p = 0.0303  |
|      1991      |       1        |        1.176   |        0.000   |        4.012   |  Neg. p = 0.0452  |
|      1994      |       1        |        1.067   |        0.000   |        3.134   |  Neg. p = 0.0767  |
|      1995      |       1        |        1.408   |        0.000   |        3.414   |  Neg. p = 0.0647  |
|      1996      |       1        |        3.436   |        0.000   |        7.664   |  Neg. p = 0.0056  |
|      1997      |       1        |        1.302   |        0.000   |        2.942   |  Neg. p = 0.0863  |
|      1998      |       1        |        1.478   |        0.000   |        3.420   |  Neg. p = 0.0644  |
|      2000      |       1        |        1.764   |        0.000   |        4.783   |  Neg. p = 0.0287  |
|      2001      |       1        |        0.790   |        0.000   |        3.052   |  Neg. p = 0.0806  |
|      2002      |       1        |        1.392   |        0.000   |        4.984   |  Neg. p = 0.0256  |
|      2003      |       1        |        0.959   |        0.000   |        2.864   |  Neg. p = 0.0906  |
|      2004      |       1        |        4.876   |        0.000   |        8.754   |  Neg. p = 0.0031  |
|      2005      |       1        |        2.742   |        0.000   |        6.227   |  Neg. p = 0.0126  |
|      2006      |       1        |        0.733   |        0.000   |        3.038   |  Neg. p = 0.0813  |
|      2010      |       1        |        0.856   |        0.000   |        3.422   |  Neg. p = 0.0643  |
|      2013      |       1        |        1.282   |        0.000   |        4.479   |  Neg. p = 0.0343  |
|      2015      |       1        |        1.088   |        0.000   |        3.914   |  Neg. p = 0.0479  |
|      2017      |       1        |        1.403   |        0.000   |        3.279   |  Neg. p = 0.0702  |
|      2019      |       1        |        1.086   |        0.000   |        3.171   |  Neg. p = 0.0749  |
|      2020      |       1        |        0.978   |        0.000   |        4.664   |  Neg. p = 0.0308  |
|      2021      |       1        |        1.929   |        0.000   |        4.341   |  Neg. p = 0.0372  |
|      2022      |       1        |        1.452   |        0.000   |        4.994   |  Neg. p = 0.0254  |
|      2024      |       1        |        1.816   |        0.000   |        4.427   |  Neg. p = 0.0354  |
|      2025      |       1        |        1.446   |        0.000   |        4.531   |  Neg. p = 0.0333  |
|      2026      |       1        |        1.710   |        0.000   |        5.024   |  Neg. p = 0.0250  |
|      2030      |       1        |        0.969   |        0.000   |        3.678   |  Neg. p = 0.0551  |
|      2031      |       1        |        0.724   |        0.000   |        3.080   |  Neg. p = 0.0792  |
|      2032      |       1        |        1.017   |        0.000   |        4.032   |  Neg. p = 0.0446  |
|      2033      |       1        |        1.434   |        0.000   |        5.670   |  Neg. p = 0.0173  |
|      2034      |       1        |        1.882   |        0.000   |        5.559   |  Neg. p = 0.0184  |
|      2036      |       1        |        1.033   |        0.000   |        3.500   |  Neg. p = 0.0614  |
|      2037      |       1        |        0.595   |        0.000   |        3.730   |  Neg. p = 0.0534  |
|      2038      |       1        |        1.829   |        0.000   |        5.295   |  Neg. p = 0.0214  |
|      2042      |       1        |        3.778   |        0.000   |        6.739   |  Neg. p = 0.0094  |
|      2043      |       1        |        4.486   |        0.000   |       10.660   |  Neg. p = 0.0011  |
|      2045      |       1        |        1.072   |        0.000   |        3.689   |  Neg. p = 0.0548  |
|      2046      |       1        |        2.152   |        0.000   |        7.204   |  Neg. p = 0.0073  |
|      2049      |       1        |        1.627   |        0.000   |        5.010   |  Neg. p = 0.0252  |
|      2050      |       1        |        1.113   |        0.000   |        4.055   |  Neg. p = 0.0440  |
|      2051      |       1        |        1.126   |        0.000   |        4.332   |  Neg. p = 0.0374  |
|      2052      |       1        |        1.347   |        0.000   |        5.017   |  Neg. p = 0.0251  |
|      2053      |       1        |        1.163   |        0.000   |        3.681   |  Neg. p = 0.0550  |
|      2054      |       1        |        1.604   |        0.000   |        5.000   |  Neg. p = 0.0254  |
|      2059      |       1        |        1.985   |        0.000   |        6.004   |  Neg. p = 0.0143  |
|      2060      |       1        |        0.678   |        0.000   |        3.148   |  Neg. p = 0.0760  |
|      2062      |       1        |        2.686   |        0.000   |        5.455   |  Neg. p = 0.0195  |
|      2064      |       1        |        1.533   |        0.000   |        6.062   |  Neg. p = 0.0138  |
|      2065      |       1        |        1.998   |        0.000   |        5.650   |  Neg. p = 0.0175  |
|      2066      |       1        |        0.969   |        0.000   |        2.939   |  Neg. p = 0.0864  |
|      2071      |       1        |        1.811   |        0.000   |        4.676   |  Neg. p = 0.0306  |
|      2072      |       1        |        4.152   |        0.000   |        8.382   |  Neg. p = 0.0038  |
|      2073      |       1        |        2.492   |        0.000   |        7.134   |  Neg. p = 0.0076  |
|      2074      |       1        |        2.482   |        0.000   |        5.991   |  Neg. p = 0.0144  |
|      2075      |       1        |        0.870   |        0.000   |        3.049   |  Neg. p = 0.0808  |
|      2077      |       1        |        0.733   |        0.000   |        4.071   |  Neg. p = 0.0436  |
|      2078      |       1        |        1.259   |        0.000   |        4.647   |  Neg. p = 0.0311  |
|      2080      |       1        |        0.969   |        0.000   |        2.878   |  Neg. p = 0.0898  |
|      2082      |       1        |        2.303   |        0.000   |        5.958   |  Neg. p = 0.0147  |
|      2083      |       1        |        1.854   |        0.000   |        7.714   |  Neg. p = 0.0055  |
|      2085      |       1        |        5.323   |        0.000   |        9.330   |  Neg. p = 0.0023  |
|      2086      |       1        |        0.954   |        0.000   |        2.709   |  Neg. p = 0.0998  |
|      2088      |       1        |        2.334   |        0.000   |        5.141   |  Neg. p = 0.0234  |
|      2089      |       1        |        1.317   |        0.000   |        3.925   |  Neg. p = 0.0476  |
|      2090      |       1        |        4.514   |        0.000   |        7.708   |  Neg. p = 0.0055  |
|      2092      |       1        |        0.941   |        0.000   |        3.516   |  Neg. p = 0.0608  |
|      2093      |       1        |        1.302   |        0.000   |        4.640   |  Neg. p = 0.0312  |
|      2094      |       1        |        1.096   |        0.000   |        3.722   |  Neg. p = 0.0537  |
|      2095      |       1        |        0.906   |        0.000   |        4.272   |  Neg. p = 0.0387  |
|      2097      |       1        |        0.905   |        0.000   |        3.881   |  Neg. p = 0.0488  |
|      2100      |       1        |        3.113   |        0.000   |        7.444   |  Neg. p = 0.0064  |
|      2101      |       1        |        2.161   |        0.000   |        4.974   |  Neg. p = 0.0257  |
|      2103      |       1        |        1.053   |        0.000   |        3.964   |  Neg. p = 0.0465  |
|      2104      |       1        |        3.038   |        0.000   |        7.941   |  Neg. p = 0.0048  |
|      2107      |       1        |        1.812   |        0.000   |        3.862   |  Neg. p = 0.0494  |
|      2108      |       1        |       10.200   |        0.000   |        9.012   |  Neg. p = 0.0027  |
|      2110      |       1        |        1.634   |        0.000   |        4.696   |  Neg. p = 0.0302  |
|      2112      |       1        |        1.383   |        0.000   |        3.511   |  Neg. p = 0.0610  |
|      2115      |       1        |        2.590   |        0.000   |        6.013   |  Neg. p = 0.0142  |
|      2117      |       1        |        1.352   |        0.000   |        3.697   |  Neg. p = 0.0545  |
|      2118      |       1        |        1.123   |        0.000   |        3.654   |  Neg. p = 0.0559  |
|      2120      |       1        |        0.827   |        0.000   |        2.774   |  Neg. p = 0.0958  |
|      2121      |       1        |        2.904   |        0.000   |        6.291   |  Neg. p = 0.0121  |
|      2122      |       1        |        1.568   |        0.000   |        7.242   |  Neg. p = 0.0071  |
|      2125      |       1        |        0.853   |        0.000   |        3.024   |  Neg. p = 0.0820  |
|      2126      |       1        |        0.855   |        0.000   |        4.453   |  Neg. p = 0.0348  |
|      2127      |       1        |        0.955   |        0.000   |        4.913   |  Neg. p = 0.0266  |
|      2129      |       1        |        0.853   |        0.000   |        3.515   |  Neg. p = 0.0608  |
|      2131      |       1        |        2.539   |        0.000   |        7.295   |  Neg. p = 0.0069  |
|      2132      |       1        |        1.245   |        0.000   |        5.303   |  Neg. p = 0.0213  |
|      2133      |       1        |        3.195   |        0.000   |        8.371   |  Neg. p = 0.0038  |
|      2136      |       1        |        1.513   |        0.000   |        5.023   |  Neg. p = 0.0250  |
|      2138      |       1        |        0.757   |        0.000   |        3.074   |  Neg. p = 0.0796  |
|      2139      |       1        |        2.975   |        0.000   |        5.744   |  Neg. p = 0.0165  |
|      2141      |       1        |        1.484   |        0.000   |        4.961   |  Neg. p = 0.0259  |
|      2142      |       1        |        0.474   |        0.000   |        2.784   |  Neg. p = 0.0952  |
|      2144      |       1        |        2.534   |        0.000   |        7.172   |  Neg. p = 0.0074  |
|      2145      |       1        |        0.603   |        0.000   |        4.143   |  Neg. p = 0.0418  |
|      2147      |       1        |        0.904   |        0.000   |        3.928   |  Neg. p = 0.0475  |
|      2150      |       1        |        0.937   |        0.000   |        3.723   |  Neg. p = 0.0537  |
|      2152      |       1        |        1.177   |        0.000   |        4.486   |  Neg. p = 0.0342  |

### ** Found _2_ sites under pervasive positive diversifying and _1216_ sites under negative selection at p <= 0.1**
