
Analysis Description
--------------------
aBSREL (Adaptive branch-site random effects likelihood) uses an adaptive
random effects branch-site model framework to test whether each branch
has evolved under positive selection, using a procedure which infers an
optimal number of rate categories per branch. v2.2 adds support for
multiple-hit models. v2.3 adds support for SRV. v2.5 adds support for
ancestral state reconstruction, identification of sites contributing to
selection signal, and some diagnostics. v2.6 adds tree reports and ASCII
art

- __Requirements__: in-frame codon alignment and a phylogenetic tree

- __Citation__:  Less Is More: An Adaptive Branch-Site Random Effects Model for
Efficient Detection of Episodic Diversifying Selection (2015). Mol Biol
Evol 32 (5): 1342-1353. 

- __Written by__: Sergei L Kosakovsky Pond, Ben Murrell, Steven Weaver and Temple iGEM /
UCSD viral evolution group

- __Contact Information__: spond@temple.edu

- __Analysis Version__: 2.6

[Advanced option] Bag of little bootstrap alignment resampling rate (permissible range = [0.01,1], default value = 1): blb: 1

>code => Universal

-------
>[WARNING]
'/Users/agl4001/Documents/hantavirus_selection_analysis/results/ANDV_trees_aln-hyphy/inputs/M.hyphy_ready.fasta'
contains 46 duplicate sequences. Identical sequences do not contribute
any information to the analysis and only slow down computation. Please
consider removing duplicate or 'nearly' duplicate sequences, e.g. using
https://github.com/veg/hyphy-analyses/tree/master/remove-duplicates
prior to running selection analyses
-------
/Users/agl4001/Documents/hantavirus_selection_analysis/results/ANDV_trees_aln-hyphy/inputs/M_ANDVstems.hyphy_ready.treefile
results/ANDV_trees_aln-hyphy/inputs/M_ANDVstems.hyphy_ready.treefile

>Loaded a multiple sequence alignment with **187** sequences, **1140** codons, and **1** partitions from `/Users/agl4001/Documents/hantavirus_selection_analysis/results/ANDV_trees_aln-hyphy/inputs/M.hyphy_ready.fasta`

>branches => Foreground

>multiple-hits => None

>srv => No


### * Selected 9 branches for testing: `Node225, Node242, Node273, Node241, Node306, Node240, Node224, Node222, Node212`


### Obtaining branch lengths and nucleotide substitution biases under the nucleotide GTR model

>kill-zero-lengths => Yes

### Deleted 54 zero-length internal branches: `Node101, Node113, Node122, Node140, Node160, Node164, Node189, Node199, Node201, Node237, Node253, Node258, Node264, Node27, Node276, Node284, Node286, Node288, Node30, Node309, Node32, Node320, Node322, Node324, Node326, Node328, Node330, Node332, Node334, Node336, Node338, Node340, Node342, Node344, Node346, Node348, Node350, Node352, Node354, Node356, Node358, Node360, Node362, Node364, Node366, Node368, Node370, Node38, Node39, Node43, Node50, Node54, Node64, Node77`
* Log(L) = -33912.17, AIC-c = 68582.78 (379 estimated parameters)
* 1 partition. Total tree length by partition (subs/site)  4.009

### Fitting the baseline model with a single dN/dS class per branch, and no site-to-site variation. 
* Log(L) = -27544.27, AIC-c = 56388.50 (648 estimated parameters)
* Branch-level non-synonymous/synonymous rate ratio distribution has median  0.04, and 95% of the weight in  0.00 - 79446602518799.39

### Determining the optimal number of rate classes per branch using a step up procedure

|              Branch               |  Length  |  Rates   |     Max. dN/dS     |    Log(L)     |     AIC-c     |Best AIC-c so far|
|-----------------------------------|----------|----------|--------------------|---------------|---------------|-----------------|
|               Node3               |1207.14...|    2     |   0.01 (100.00%)   |   -27544.41   |   56392.80    |    56388.50     |
|            NC_077670_1            |1207.13...|    2     |    0.21 ( 9.94%)   |   -27485.35   |   56274.68    |    56274.68     |
|            NC_077670_1            |1207.13...|    3     |    0.52 ( 1.00%)   |   -27485.11   |   56278.23    |    56274.68     |
|            EF495338_1             |   5.65   |    2     |    0.19 ( 4.06%)   |   -27480.01   |   56268.04    |    56268.04     |
|            EF495338_1             |   5.65   |    3     |    1.36 ( 0.64%)   |   -27479.90   |   56271.83    |    56268.04     |
|               Node6               |   1.34   |    2     |    0.26 ( 3.86%)   |   -27475.93   |   56263.89    |    56263.89     |
|               Node6               |   1.34   |    3     |    0.64 ( 0.12%)   |   -27475.93   |   56267.91    |    56263.89     |
|            AY963900_1             |   0.97   |    2     |    1.25 ( 1.17%)   |   -27467.88   |   56251.81    |    56251.81     |
|            AY963900_1             |   0.97   |    3     |   65.00 ( 0.59%)   |   -27467.92   |   56255.92    |    56251.81     |
|              Node15               |   0.32   |    2     |    0.01 (10.31%)   |   -27467.87   |   56255.82    |    56251.81     |
|            PP058741_1             |   0.27   |    2     |    0.25 ( 9.52%)   |   -27463.44   |   56246.96    |    56246.96     |
|            PP058741_1             |   0.27   |    3     |    0.30 ( 0.20%)   |   -27463.44   |   56250.99    |    56246.96     |
|            KF581135_1             |   0.25   |    2     |    0.14 (13.89%)   |   -27462.30   |   56248.70    |    56246.96     |
|              Node212              |   0.21   |    2     |    0.16 (13.00%)   |   -27462.56   |   56249.23    |    56246.96     |
|            OQ092244_1             |   0.21   |    2     |    0.21 ( 8.70%)   |   -27460.23   |   56244.57    |    56244.57     |
|            OQ092244_1             |   0.21   |    3     |  242.15 ( 0.13%)   |   -27459.64   |   56247.41    |    56244.57     |
|              Node90               |   0.15   |    2     |    0.81 ( 3.27%)   |   -27451.89   |   56231.91    |    56231.91     |
|              Node90               |   0.15   |    3     |    0.81 ( 3.20%)   |   -27451.89   |   56235.94    |    56231.91     |
|              Node89               |   0.12   |    2     |  254.21 ( 0.38%)   |   -27443.91   |   56219.97    |    56219.97     |
|              Node89               |   0.12   |    3     |  127.94 ( 0.30%)   |   -27444.09   |   56224.35    |    56219.97     |
|            MG953527_1             |   0.11   |    2     |    0.33 (15.34%)   |   -27443.89   |   56223.97    |    56219.97     |
|              Node167              |   0.11   |    2     |    0.86 ( 2.07%)   |   -27443.05   |   56222.28    |    56219.97     |
|              Node128              |   0.10   |    2     |    0.01 (13.67%)   |   -27443.90   |   56223.99    |    56219.97     |
|              Node135              |   0.09   |    2     |  330.66 ( 0.75%)   |   -27427.47   |   56191.12    |    56191.12     |
|              Node135              |   0.09   |    3     |  198.93 ( 0.57%)   |   -27427.94   |   56196.09    |    56191.12     |
|            EU170168_1             |   0.09   |    2     |    0.14 ( 7.36%)   |   -27427.47   |   56195.14    |    56191.12     |
|               Node8               |   0.08   |    2     |    1.00 ( 5.31%)   |   -27427.35   |   56194.90    |    56191.12     |
|              Node213              |   0.07   |    2     |   10.55 ( 1.58%)   |   -27422.58   |   56185.37    |    56185.37     |
|              Node213              |   0.07   |    3     |   11.92 ( 1.18%)   |   -27422.75   |   56189.73    |    56185.37     |
|              Node150              |   0.07   |    2     |    0.26 ( 1.98%)   |   -27422.57   |   56189.37    |    56185.37     |
|              Node17               |   0.06   |    2     |    0.01 (10.46%)   |   -27422.58   |   56189.39    |    56185.37     |
|              Node88               |   0.06   |    2     |    0.93 ( 5.86%)   |   -27421.17   |   56186.57    |    56185.37     |
|       EU241650_1_EU241664_1       |   0.05   |    2     |    0.04 (54.52%)   |   -27422.58   |   56189.39    |    56185.37     |
|              Node20               |   0.05   |    2     |    0.25 ( 0.00%)   |   -27422.58   |   56189.40    |    56185.37     |
|              Node222              |   0.05   |    2     |    0.24 ( 0.00%)   |   -27422.58   |   56189.40    |    56185.37     |
|       AY515598_1_AY515603_1       |   0.05   |    2     |    0.26 ( 0.00%)   |   -27422.58   |   56189.40    |    56185.37     |
|            EU170162_1             |   0.05   |    2     |    0.29 ( 0.00%)   |   -27422.58   |   56189.40    |    56185.37     |
|              Node217              |   0.05   |    2     |    0.26 ( 0.00%)   |   -27422.58   |   56189.40    |    56185.37     |
|              Node169              |   0.05   |    2     |    0.85 ( 8.08%)   |   -27421.26   |   56186.75    |    56185.37     |
|              Node138              |   0.05   |    2     |    0.25 ( 0.00%)   |   -27422.58   |   56189.40    |    56185.37     |
|       EU241643_1_EU241657_1       |   0.04   |    2     |    0.09 (19.04%)   |   -27422.60   |   56189.44    |    56185.37     |
|              Node67               |   0.04   |    2     |   79.50 ( 0.56%)   |   -27421.43   |   56187.08    |    56185.37     |
|AF389484_1_AF389490_1_AF389482_1...|   0.04   |    2     |  803.00 ( 1.20%)   |   -27405.91   |   56156.04    |    56156.04     |
|AF389484_1_AF389490_1_AF389482_1...|   0.04   |    3     |   >1000 ( 1.22%)   |   -27405.74   |   56159.74    |    56156.04     |
|            OR890440_1             |   0.04   |    2     |    0.03 (22.19%)   |   -27405.91   |   56160.08    |    56156.04     |
|              Node125              |   0.04   |    2     |    0.04 (44.37%)   |   -27405.91   |   56160.07    |    56156.04     |
|              Node81               |   0.04   |    2     |    0.28 ( 0.00%)   |   -27405.91   |   56160.07    |    56156.04     |
|              Node127              |   0.03   |    2     |   37.73 ( 0.40%)   |   -27403.99   |   56156.23    |    56156.04     |
|              Node176              |   0.03   |    2     |    0.27 ( 0.00%)   |   -27405.91   |   56160.07    |    56156.04     |
|            EU621721_1             |   0.03   |    2     |   63.81 ( 1.62%)   |   -27397.61   |   56143.47    |    56143.47     |
|            EU621721_1             |   0.03   |    3     |   73.06 ( 1.44%)   |   -27397.71   |   56147.70    |    56143.47     |
|       EU241641_1_EU241655_1       |   0.03   |    2     |   34.03 ( 1.41%)   |   -27376.80   |   56105.89    |    56105.89     |
|       EU241641_1_EU241655_1       |   0.03   |    3     |   33.90 ( 1.42%)   |   -27376.80   |   56109.92    |    56105.89     |
|              Node219              |   0.03   |    2     |    0.04 ( 6.24%)   |   -27376.80   |   56109.92    |    56105.89     |
|              Node171              |   0.03   |    2     |    0.25 ( 0.00%)   |   -27376.80   |   56109.92    |    56105.89     |
|            AF028023_1             |   0.03   |    2     |    5.95 ( 2.74%)   |   -27366.16   |   56088.63    |    56088.63     |
|            AF028023_1             |   0.03   |    3     |    7.56 ( 2.00%)   |   -27366.07   |   56092.48    |    56088.63     |
|              Node11               |   0.03   |    2     |    2.91 ( 1.76%)   |   -27363.03   |   56086.39    |    56086.39     |
|              Node11               |   0.03   |    3     |    4.78 ( 0.63%)   |   -27363.09   |   56090.54    |    56086.39     |
|              Node214              |   0.03   |    2     |    0.04 (38.73%)   |   -27363.03   |   56090.41    |    56086.39     |
|              Node59               |   0.03   |    2     |   55.84 ( 0.56%)   |   -27361.88   |   56088.11    |    56086.39     |
|              Node13               |   0.03   |    2     |    2.13 ( 5.45%)   |   -27361.02   |   56086.41    |    56086.39     |
|            EU241640_1             |   0.03   |    2     |    0.25 ( 0.00%)   |   -27363.03   |   56090.42    |    56086.39     |
|            AH011226_2             |   0.03   |    2     |    3.68 ( 7.02%)   |   -27362.80   |   56089.97    |    56086.39     |
|              Node131              |   0.03   |    2     |    0.05 (20.64%)   |   -27363.04   |   56090.43    |    56086.39     |
|              Node130              |   0.03   |    2     |    0.25 ( 0.00%)   |   -27363.03   |   56090.42    |    56086.39     |
|              Node60               |   0.03   |    2     |    0.25 ( 0.00%)   |   -27363.03   |   56090.42    |    56086.39     |
|              Node137              |   0.03   |    2     |    0.25 ( 0.00%)   |   -27363.03   |   56090.42    |    56086.39     |
|       EU241639_1_EU241653_1       |   0.03   |    2     |    0.74 ( 4.92%)   |   -27363.07   |   56090.50    |    56086.39     |
|              Node224              |   0.02   |    2     |    5.44 ( 1.21%)   |   -27362.15   |   56088.65    |    56086.39     |
|              Node37               |   0.02   |    2     |   >1000 ( 4.44%)   |   -27344.02   |   56052.39    |    56052.39     |
|              Node37               |   0.02   |    3     |   >1000 ( 4.38%)   |   -27344.03   |   56056.45    |    56052.39     |
|            AF389512_1             |   0.02   |    2     |    0.30 ( 0.00%)   |   -27344.02   |   56056.41    |    56052.39     |
|              Node143              |   0.02   |    2     |    0.25 ( 0.00%)   |   -27344.02   |   56056.41    |    56052.39     |
|       KC567275_1_KC567264_1       |   0.02   |    2     |    0.28 ( 0.00%)   |   -27344.02   |   56056.41    |    56052.39     |
|AF389486_1_AF389489_1_AF389480_1...|   0.02   |    2     |   >1000 ( 1.06%)   |   -27324.95   |   56018.29    |    56018.29     |
|AF389486_1_AF389489_1_AF389480_1...|   0.02   |    3     |   >1000 ( 1.07%)   |   -27324.96   |   56022.32    |    56018.29     |
|              Node183              |   0.02   |    2     |   25.19 ( 0.19%)   |   -27323.32   |   56019.05    |    56018.29     |
|            AF389509_1             |   0.02   |    2     |    0.27 ( 0.00%)   |   -27324.95   |   56022.32    |    56018.29     |
|            MN850091_1             |   0.02   |    2     |    0.26 ( 5.03%)   |   -27324.96   |   56022.33    |    56018.29     |
|            AF389496_1             |   0.02   |    2     |    0.24 (50.89%)   |   -27324.96   |   56022.33    |    56018.29     |
|              Node306              |   0.02   |    2     |    0.16 (17.07%)   |   -27324.98   |   56022.38    |    56018.29     |
|              Node194              |   0.02   |    2     |    0.26 ( 0.00%)   |   -27324.95   |   56022.32    |    56018.29     |
|            AF028022_1             |   0.02   |    2     |   73.38 ( 0.67%)   |   -27307.26   |   55986.93    |    55986.93     |
|            AF028022_1             |   0.02   |    3     |  100.29 ( 0.61%)   |   -27306.84   |   55990.11    |    55986.93     |
|              Node170              |   0.02   |    2     |    0.25 ( 0.00%)   |   -27307.26   |   55990.96    |    55986.93     |
|            EU170167_1             |   0.02   |    2     |    0.25 ( 0.00%)   |   -27307.26   |   55990.96    |    55986.93     |
|            AF389507_1             |   0.01   |    2     |    0.25 ( 0.00%)   |   -27307.26   |   55990.96    |    55986.93     |
|              Node202              |   0.01   |    2     |    0.25 ( 0.00%)   |   -27307.26   |   55990.96    |    55986.93     |
|              Node134              |   0.01   |    2     |    0.10 (28.13%)   |   -27307.27   |   55990.97    |    55986.93     |
|       KC567277_1_KC567262_1       |   0.01   |    2     |    0.25 ( 0.00%)   |   -27307.26   |   55990.96    |    55986.93     |
|            AF389506_1             |   0.01   |    2     |    0.25 ( 0.00%)   |   -27307.26   |   55990.96    |    55986.93     |
|              Node233              |   0.01   |    2     |    0.07 ( 0.00%)   |   -27307.26   |   55990.96    |    55986.93     |
|            EU543216_1             |   0.01   |    2     |    0.53 ( 0.00%)   |   -27307.26   |   55990.96    |    55986.93     |
|              Node235              |   0.01   |    2     |    0.06 (96.20%)   |   -27307.26   |   55990.96    |    55986.93     |
|              Node230              |   0.01   |    2     |    0.25 ( 0.00%)   |   -27307.26   |   55990.96    |    55986.93     |
|            OR987856_1             |   0.01   |    2     |    0.05 (36.23%)   |   -27307.26   |   55990.96    |    55986.93     |
|            AF389510_1             |   0.01   |    2     |    0.25 (10.00%)   |   -27307.26   |   55990.96    |    55986.93     |
|              Node83               |   0.01   |    2     |    0.24 ( 0.00%)   |   -27307.26   |   55990.96    |    55986.93     |
|              Node294              |   0.01   |    2     |    0.26 ( 8.39%)   |   -27307.28   |   55990.99    |    55986.93     |
|       EU170191_1_EU170206_1       |   0.01   |    2     |    0.29 ( 6.96%)   |   -27307.26   |   55990.96    |    55986.93     |
|              Node95               |   0.01   |    2     |    0.06 (11.30%)   |   -27307.26   |   55990.96    |    55986.93     |
|              Node75               |   0.01   |    2     |    0.26 ( 0.00%)   |   -27307.26   |   55990.96    |    55986.93     |
|            EU621722_1             |   0.01   |    2     |    0.27 ( 0.00%)   |   -27307.26   |   55990.95    |    55986.93     |
|              Node282              |   0.01   |    2     |    0.30 ( 0.00%)   |   -27307.26   |   55990.96    |    55986.93     |
|            AH011225_2             |   0.01   |    2     |    0.40 (50.96%)   |   -27307.26   |   55990.96    |    55986.93     |
|              Node209              |   0.01   |    2     |    0.25 ( 0.00%)   |   -27307.26   |   55990.96    |    55986.93     |
|            AF389495_1             |   0.01   |    2     |    0.25 ( 0.00%)   |   -27307.26   |   55990.96    |    55986.93     |
|            MN258190_1             |   0.01   |    2     |    0.15 (28.66%)   |   -27307.27   |   55990.97    |    55986.93     |
|AF389487_1_AF389492_1_AF389481_1...|   0.01   |    2     |   1.00 (100.00%)   |   -27308.59   |   55993.61    |    55986.93     |
|              Node227              |   0.01   |    2     |    0.26 ( 0.00%)   |   -27307.26   |   55990.96    |    55986.93     |
|              Node185              |   0.01   |    2     |   49.84 ( 0.20%)   |   -27305.62   |   55987.68    |    55986.93     |
|              Node298              |   0.01   |    2     |    0.15 ( 9.12%)   |   -27307.27   |   55990.97    |    55986.93     |
|            PP151163_1             |   0.01   |    2     |    0.26 (11.63%)   |   -27307.27   |   55990.98    |    55986.93     |
|              Node25               |   0.01   |    2     |    0.26 (10.75%)   |   -27307.18   |   55990.80    |    55986.93     |
|              Node248              |   0.01   |    2     |    0.24 ( 0.00%)   |   -27307.26   |   55990.96    |    55986.93     |
|              Node187              |   0.01   |    2     |   >1000 ( 0.95%)   |   -27289.23   |   55954.90    |    55954.90     |
|              Node187              |   0.01   |    3     |   >1000 ( 0.92%)   |   -27289.28   |   55959.03    |    55954.90     |
|              Node46               |   0.01   |    2     |    0.25 ( 0.00%)   |   -27289.23   |   55958.92    |    55954.90     |
|            AY204679_1             |   0.01   |    2     |    0.24 ( 0.00%)   |   -27289.23   |   55958.92    |    55954.90     |
|              Node42               |   0.01   |    2     |    0.25 ( 0.00%)   |   -27289.23   |   55958.92    |    55954.90     |
|       EU241642_1_EU241656_1       |   0.01   |    2     |    0.25 ( 0.00%)   |   -27289.23   |   55958.92    |    55954.90     |
|              Node78               |   0.01   |    2     |    0.45 (39.78%)   |   -27289.23   |   55958.91    |    55954.90     |
|            EU170172_1             |   0.01   |    2     |    0.25 ( 0.00%)   |   -27289.23   |   55958.92    |    55954.90     |
|            MH846250_1             |   0.01   |    2     |    0.27 ( 0.00%)   |   -27289.23   |   55958.92    |    55954.90     |
|AF389485_1_AF389488_1_AF389479_1...|   0.01   |    2     |    0.27 (31.40%)   |   -27293.20   |   55966.86    |    55954.90     |
|            EU170173_1             |   0.01   |    2     |    0.25 ( 0.00%)   |   -27289.23   |   55958.92    |    55954.90     |
|              Node28               |   0.01   |    2     |    0.27 ( 0.00%)   |   -27289.23   |   55958.92    |    55954.90     |
|              Node69               |   0.01   |    2     |    0.25 ( 0.00%)   |   -27289.23   |   55958.92    |    55954.90     |
|            OL840326_1             |   0.01   |    2     |    0.25 ( 0.00%)   |   -27289.23   |   55958.92    |    55954.90     |
|            AY204680_1             |   0.01   |    2     |    0.26 ( 0.00%)   |   -27289.23   |   55958.92    |    55954.90     |
|            EU170170_1             |   0.01   |    2     |    0.39 (90.14%)   |   -27289.23   |   55958.92    |    55954.90     |
|            PP151164_1             |   0.01   |    2     |    0.11 (30.06%)   |   -27289.23   |   55958.93    |    55954.90     |
|       KC567272_1_KC567267_1       |   0.01   |    2     |    0.80 (78.75%)   |   -27289.23   |   55958.92    |    55954.90     |
|              Node245              |   0.01   |    2     |    0.25 ( 0.00%)   |   -27289.23   |   55958.92    |    55954.90     |
|              Node19               |   0.01   |    2     |    0.25 ( 0.00%)   |   -27289.23   |   55958.92    |    55954.90     |
|            MN258193_1             |   0.01   |    2     |    0.26 (25.53%)   |   -27289.24   |   55958.95    |    55954.90     |
|              Node186              |   0.01   |    2     |    0.25 ( 2.00%)   |   -27285.18   |   55950.82    |    55950.82     |
|              Node186              |   0.01   |    3     |    0.25 ( 1.96%)   |   -27285.18   |   55954.84    |    55950.82     |
|              Node243              |   0.01   |    2     |    1.04 ( 2.05%)   |   -27285.19   |   55954.88    |    55950.82     |
|            AY204677_1             |   0.01   |    2     |    0.25 ( 0.00%)   |   -27285.18   |   55954.84    |    55950.82     |
|              Node241              |   0.01   |    2     |    0.26 ( 8.25%)   |   -27285.18   |   55954.85    |    55950.82     |
|              Node242              |   0.01   |    2     |    0.73 (10.37%)   |   -27285.20   |   55954.89    |    55950.82     |
|              Node301              |   0.01   |    2     |    0.15 (28.04%)   |   -27285.18   |   55954.85    |    55950.82     |
|              Node73               |   0.01   |    2     |   >1000 ( 0.76%)   |   -27274.46   |   55933.42    |    55933.42     |
|              Node73               |   0.01   |    3     |   >1000 ( 0.77%)   |   -27274.47   |   55937.45    |    55933.42     |
|            EU170166_1             |   0.01   |    2     |    0.26 ( 0.00%)   |   -27274.46   |   55937.44    |    55933.42     |
|              Node192              |   0.01   |    2     |    0.25 ( 0.00%)   |   -27274.46   |   55937.44    |    55933.42     |
|            MN258194_1             |   0.01   |    2     |    0.25 ( 9.58%)   |   -27274.47   |   55937.45    |    55933.42     |
|            AF389511_1             |   0.01   |    2     |    0.26 ( 0.00%)   |   -27274.47   |   55937.44    |    55933.42     |
|              Node145              |   0.01   |    2     |    0.25 ( 0.00%)   |   -27274.46   |   55937.44    |    55933.42     |
|              Node57               |   0.01   |    2     |    0.28 ( 0.00%)   |   -27274.46   |   55937.44    |    55933.42     |
|              Node307              |   0.01   |    2     |    0.25 ( 0.00%)   |   -27274.46   |   55937.44    |    55933.42     |
|       KC567281_1_KC567258_1       |   0.01   |    2     |    0.25 ( 0.00%)   |   -27274.46   |   55937.44    |    55933.42     |
|              Node273              |   0.00   |    2     |    0.27 ( 0.00%)   |   -27274.46   |   55937.44    |    55933.42     |
|              Node240              |   0.00   |    2     |    0.26 ( 0.00%)   |   -27274.46   |   55937.44    |    55933.42     |
|              Node178              |   0.00   |    2     |    0.25 ( 0.00%)   |   -27274.47   |   55937.44    |    55933.42     |
|            MN850092_1             |   0.00   |    2     |    0.24 (23.93%)   |   -27274.47   |   55937.45    |    55933.42     |
|            OR987853_1             |   0.00   |    2     |    0.25 ( 0.00%)   |   -27274.46   |   55937.44    |    55933.42     |
|              Node180              |   0.00   |    2     |    0.26 ( 0.00%)   |   -27274.47   |   55937.44    |    55933.42     |
|            PP003838_1             |   0.00   |    2     |    0.26 (25.67%)   |   -27274.47   |   55937.45    |    55933.42     |
|            AF389497_1             |   0.00   |    2     |    0.26 ( 0.00%)   |   -27274.46   |   55937.44    |    55933.42     |
|            EU543217_1             |   0.00   |    2     |    0.27 (31.40%)   |   -27288.59   |   55965.69    |    55933.42     |
|            AF389501_1             |   0.00   |    2     |    0.25 ( 0.00%)   |   -27274.47   |   55937.44    |    55933.42     |
|       KC567280_1_KC567259_1       |   0.00   |    2     |    0.25 ( 0.00%)   |   -27274.46   |   55937.44    |    55933.42     |
|              Node318              |   0.00   |    2     |    0.25 ( 0.00%)   |   -27274.46   |   55937.44    |    55933.42     |
|       KC567278_1_KC567261_1       |   0.00   |    2     |    0.53 ( 0.00%)   |   -27274.46   |   55937.44    |    55933.42     |
|              Node98               |   0.00   |    2     |    0.26 ( 0.00%)   |   -27274.46   |   55937.44    |    55933.42     |
|            AF389500_1             |   0.00   |    2     |    0.25 ( 0.00%)   |   -27274.47   |   55937.44    |    55933.42     |
|              Node274              |   0.00   |    2     |    0.27 (51.84%)   |   -27274.47   |   55937.44    |    55933.42     |
|              Node91               |   0.00   |    2     |    0.26 (11.73%)   |   -27274.47   |   55937.45    |    55933.42     |
|            AF389493_1             |   0.00   |    2     |  >1000 (100.00%)   |   -27274.47   |   55937.44    |    55933.42     |
|              Node23               |   0.00   |    2     |    0.26 (28.42%)   |   -27274.39   |   55937.30    |    55933.42     |
|              Node297              |   0.00   |    2     |    0.25 ( 0.00%)   |   -27274.46   |   55937.44    |    55933.42     |
|            AY101184_1             |   0.00   |    2     |  76.17 (100.00%)   |   -27274.47   |   55937.44    |    55933.42     |
|              Node206              |   0.00   |    2     |    0.25 (50.33%)   |   -27274.46   |   55937.44    |    55933.42     |
|              Node173              |   0.00   |    2     |    0.24 ( 0.00%)   |   -27274.46   |   55937.44    |    55933.42     |
|       KC567279_1_KC567260_1       |   0.00   |    2     |    0.68 (22.72%)   |   -27274.47   |   55937.45    |    55933.42     |
|              Node251              |   0.00   |    2     |    0.75 ( 2.00%)   |   -27274.47   |   55937.45    |    55933.42     |
|              Node47               |   0.00   |    2     |    0.25 ( 0.00%)   |   -27274.47   |   55937.44    |    55933.42     |
|            PP003839_1             |   0.00   |    2     |    0.25 ( 0.00%)   |   -27274.46   |   55937.44    |    55933.42     |
|       EU241649_1_EU241663_1       |   0.00   |    2     |    0.25 ( 0.00%)   |   -27274.46   |   55937.44    |    55933.42     |
|       EU241644_1_EU241658_1       |   0.00   |    2     |    0.25 ( 0.00%)   |   -27274.46   |   55937.44    |    55933.42     |
|       EU241648_1_EU241662_1       |   0.00   |    2     |    0.25 ( 0.00%)   |   -27274.46   |   55937.44    |    55933.42     |
|              Node70               |   0.00   |    2     |    0.25 ( 0.00%)   |   -27274.47   |   55937.44    |    55933.42     |
|              Node158              |   0.00   |    2     |    0.25 ( 0.00%)   |   -27274.46   |   55937.43    |    55933.42     |
|              Node152              |   0.00   |    2     |    0.22 ( 0.00%)   |   -27274.45   |   55937.42    |    55933.42     |
|              Node34               |   0.00   |    2     |    0.25 ( 0.00%)   |   -27274.47   |   55937.44    |    55933.42     |
|              Node85               |   0.00   |    2     |    0.25 ( 0.00%)   |   -27274.47   |   55937.44    |    55933.42     |
|              Node61               |   0.00   |    2     |    0.26 ( 0.00%)   |   -27274.46   |   55937.44    |    55933.42     |
|            EU170171_1             |   0.00   |    2     |    0.25 ( 0.00%)   |   -27274.47   |   55937.44    |    55933.42     |
|       EU170183_1_EU170200_1       |   0.00   |    2     |    0.26 ( 0.00%)   |   -27274.47   |   55937.44    |    55933.42     |
|       EU170182_1_EU170199_1       |   0.00   |    2     |   1.00 (100.00%)   |   -27274.76   |   55938.03    |    55933.42     |
|              Node99               |   0.00   |    2     |    0.25 ( 0.00%)   |   -27274.46   |   55937.44    |    55933.42     |
|              Node225              |   0.00   |    2     |    0.24 ( 0.00%)   |   -27274.46   |   55937.44    |    55933.42     |
|              Node116              |   0.00   |    2     |    0.87 (10.93%)   |   -27274.48   |   55937.47    |    55933.42     |
|              Node303              |   0.00   |    2     |    0.99 ( 9.69%)   |   -27274.47   |   55937.46    |    55933.42     |
|              Node280              |   0.00   |    2     |    0.25 ( 0.00%)   |   -27274.46   |   55937.44    |    55933.42     |
|       EU170179_1_EU170196_1       |   0.00   |    2     |    0.27 (31.40%)   |   -27275.64   |   55939.80    |    55933.42     |
|              Node154              |   0.00   |    2     |    0.25 ( 0.00%)   |   -27274.46   |   55937.44    |    55933.42     |
|       EU241638_1_EU241652_1       |   0.00   |    2     |    0.27 ( 0.00%)   |   -27274.46   |   55937.44    |    55933.42     |
|              Node110              |   0.00   |    2     |    0.25 ( 0.00%)   |   -27274.46   |   55937.44    |    55933.42     |
|            AY970821_1             |   0.00   |    2     |    0.18 (31.40%)   |   -27280.86   |   55950.24    |    55933.42     |
|            EF495340_1             |   0.00   |    2     |   1.00 (100.00%)   |   -27274.82   |   55938.16    |    55933.42     |
|              Node93               |   0.00   |    2     |    0.25 ( 0.00%)   |   -27274.46   |   55937.44    |    55933.42     |
|              Node267              |   0.00   |    2     |    0.73 ( 9.66%)   |   -27274.47   |   55937.44    |    55933.42     |
|            MN258189_1             |   0.00   |    2     |    0.25 (24.03%)   |   -27274.47   |   55937.44    |    55933.42     |
|              Node312              |   0.00   |    2     |    0.26 ( 0.00%)   |   -27274.46   |   55937.44    |    55933.42     |
|              Node270              |   0.00   |    2     |    0.24 ( 0.00%)   |   -27274.47   |   55937.44    |    55933.42     |
|              Node249              |   0.00   |    2     |    0.74 ( 4.43%)   |   -27274.47   |   55937.45    |    55933.42     |
|              Node257              |   0.00   |    2     |    0.25 (10.00%)   |   -27274.47   |   55937.44    |    55933.42     |
|              Node261              |   0.00   |    2     |    0.25 ( 9.51%)   |   -27274.47   |   55937.44    |    55933.42     |
|              Node228              |   0.00   |    2     |    0.25 ( 0.00%)   |   -27274.46   |   55937.44    |    55933.42     |
|       EU241647_1_EU241661_1       |   0.00   |    2     |    0.24 ( 0.00%)   |   -27274.47   |   55937.44    |    55933.42     |
|              Node162              |   0.00   |    2     |    0.26 ( 0.00%)   |   -27274.46   |   55937.44    |    55933.42     |
|              Node111              |   0.00   |    2     |    0.24 ( 0.00%)   |   -27274.46   |   55937.44    |    55933.42     |
|              Node316              |   0.00   |    2     |    0.79 (10.53%)   |   -27274.47   |   55937.45    |    55933.42     |
|            AF028024_1             |   0.00   |    2     |    0.20 (26.07%)   |   -27274.46   |   55937.44    |    55933.42     |
|              Node266              |   0.00   |    2     |    0.26 ( 0.00%)   |   -27274.46   |   55937.44    |    55933.42     |
|              Node105              |   0.00   |    2     |    0.26 ( 0.00%)   |   -27274.46   |   55937.44    |    55933.42     |
|       KC567276_1_KC567263_1       |   0.00   |    2     |    0.26 ( 0.00%)   |   -27274.47   |   55937.44    |    55933.42     |
|              Node147              |   0.00   |    2     |    0.26 ( 0.00%)   |   -27274.46   |   55937.44    |    55933.42     |
|              Node279              |   0.00   |    2     |    0.26 ( 0.00%)   |   -27274.46   |   55937.44    |    55933.42     |
|              Node155              |   0.00   |    2     |    0.25 ( 0.00%)   |   -27274.46   |   55937.44    |    55933.42     |
|               Node9               |   0.00   |    2     |    0.18 (31.40%)   |   -27278.15   |   55944.82    |    55933.42     |
|              Node256              |   0.00   |    2     |    0.29 (10.00%)   |   -27274.47   |   55937.44    |    55933.42     |
|              Node108              |   0.00   |    2     |    0.26 ( 0.00%)   |   -27274.46   |   55937.44    |    55933.42     |
|       EU241645_1_EU241659_1       |   0.00   |    2     |   1.00 (100.00%)   |   -27274.81   |   55938.12    |    55933.42     |
|              Node292              |   0.00   |    2     |    0.27 ( 0.00%)   |   -27274.46   |   55937.44    |    55933.42     |
|            OP555724_1             |   0.00   |    2     |    0.26 ( 0.00%)   |   -27274.46   |   55937.44    |    55933.42     |
|              Node52               |   0.00   |    2     |    0.25 ( 2.00%)   |   -27274.47   |   55937.46    |    55933.42     |
|              Node313              |   0.00   |    2     |    0.25 ( 0.00%)   |   -27274.47   |   55937.44    |    55933.42     |
|            KY604962_1             |   0.00   |    2     |    0.26 ( 0.00%)   |   -27274.47   |   55937.44    |    55933.42     |
|            OR965910_1             |   0.00   |    2     |    0.26 ( 0.00%)   |   -27274.47   |   55937.44    |    55933.42     |
|            OR405524_1             |   0.00   |    2     |    0.26 ( 0.00%)   |   -27274.47   |   55937.44    |    55933.42     |
|            MN258197_1             |   0.00   |    2     |    0.26 ( 0.00%)   |   -27274.47   |   55937.44    |    55933.42     |
|              Node104              |   0.00   |    2     |    2.69 ( 0.00%)   |   -27274.70   |   55937.91    |    55933.42     |
|            MN258192_1             |   0.00   |    2     |   1.00 (100.00%)   |   -27274.81   |   55938.13    |    55933.42     |
|              Node120              |   0.00   |    2     |    0.26 ( 0.00%)   |   -27274.47   |   55937.44    |    55933.42     |
|              Node205              |   0.00   |    2     |    0.40 (50.00%)   |   -27274.46   |   55937.44    |    55933.42     |
|              Node197              |   0.00   |    2     |    0.25 ( 2.00%)   |   -27274.47   |   55937.45    |    55933.42     |
|              Node118              |   0.00   |    2     |    0.23 ( 0.00%)   |   -27274.46   |   55937.44    |    55933.42     |
|            OR987852_1             |   0.00   |    2     |    0.27 ( 0.00%)   |   -27274.46   |   55937.44    |    55933.42     |
|            AF389505_1             |   0.00   |    2     |    0.25 ( 2.00%)   |   -27274.46   |   55937.44    |    55933.42     |
|            AY204678_1             |   0.00   |    2     |    0.25 ( 2.00%)   |   -27274.46   |   55937.44    |    55933.42     |
|            AF324901_2             |   0.00   |    2     |    0.25 ( 2.00%)   |   -27274.46   |   55937.44    |    55933.42     |
|            DQ189094_1             |   0.00   |    2     |    0.25 ( 2.00%)   |   -27274.46   |   55937.44    |    55933.42     |
|            EF495339_1             |   0.00   |    2     |    0.25 ( 2.00%)   |   -27274.46   |   55937.44    |    55933.42     |
|            DQ189095_1             |   0.00   |    2     |    0.25 ( 2.00%)   |   -27274.46   |   55937.44    |    55933.42     |
|            DQ189093_1             |   0.00   |    2     |    0.25 ( 2.00%)   |   -27274.46   |   55937.44    |    55933.42     |
|            AF389508_1             |   0.00   |    2     |    0.25 ( 2.00%)   |   -27274.46   |   55937.44    |    55933.42     |
|            AF291703_2             |   0.00   |    2     |    0.25 ( 2.00%)   |   -27274.46   |   55937.44    |    55933.42     |
|            EU170165_1             |   0.00   |    2     |    0.25 ( 2.00%)   |   -27274.46   |   55937.44    |    55933.42     |
|            EU170164_1             |   0.00   |    2     |    0.25 ( 2.00%)   |   -27274.46   |   55937.44    |    55933.42     |
|            AF389499_1             |   0.00   |    2     |    0.25 ( 2.00%)   |   -27274.46   |   55937.44    |    55933.42     |
|            EU170163_1             |   0.00   |    2     |    0.25 ( 2.00%)   |   -27274.46   |   55937.44    |    55933.42     |
|            AF389498_1             |   0.00   |    2     |    0.25 ( 2.00%)   |   -27274.46   |   55937.44    |    55933.42     |
|            AY101185_1             |   0.00   |    2     |    0.25 ( 2.00%)   |   -27274.46   |   55937.44    |    55933.42     |
|            EU170169_1             |   0.00   |    2     |    0.25 ( 2.00%)   |   -27274.46   |   55937.44    |    55933.42     |
|            PV808471_1             |   0.00   |    2     |    0.25 ( 2.00%)   |   -27274.46   |   55937.44    |    55933.42     |
|            AF389503_1             |   0.00   |    2     |    0.25 ( 2.00%)   |   -27274.46   |   55937.44    |    55933.42     |
|AF389483_1_AF389491_1_AF389502_1...|   0.00   |    2     |    0.25 ( 2.00%)   |   -27274.46   |   55937.44    |    55933.42     |
|            DQ189092_1             |   0.00   |    2     |    0.25 ( 2.00%)   |   -27274.46   |   55937.44    |    55933.42     |
|            AF389504_1             |   0.00   |    2     |    0.25 ( 2.00%)   |   -27274.46   |   55937.44    |    55933.42     |
|            AF389494_1             |   0.00   |    2     |    0.25 ( 2.00%)   |   -27274.46   |   55937.44    |    55933.42     |
|            NC_003467_2            |   0.00   |    2     |    0.25 ( 2.00%)   |   -27274.46   |   55937.44    |    55933.42     |
|            MN850089_1             |   0.00   |    2     |    0.25 ( 2.00%)   |   -27274.46   |   55937.44    |    55933.42     |
|            MT956623_1             |   0.00   |    2     |    0.25 ( 2.00%)   |   -27274.46   |   55937.44    |    55933.42     |
|            MN850090_1             |   0.00   |    2     |    0.25 ( 2.00%)   |   -27274.46   |   55937.44    |    55933.42     |
|            MN258218_1             |   0.00   |    2     |    0.25 ( 2.00%)   |   -27274.46   |   55937.44    |    55933.42     |
|            MT956619_1             |   0.00   |    2     |    0.25 ( 2.00%)   |   -27274.46   |   55937.44    |    55933.42     |
|            MN258219_1             |   0.00   |    2     |    0.25 ( 2.00%)   |   -27274.46   |   55937.44    |    55933.42     |
|            MN258212_1             |   0.00   |    2     |    0.25 ( 2.00%)   |   -27274.46   |   55937.44    |    55933.42     |
|            MN258221_1             |   0.00   |    2     |    0.25 ( 2.00%)   |   -27274.46   |   55937.44    |    55933.42     |
|            MN258220_1             |   0.00   |    2     |    0.25 ( 2.00%)   |   -27274.46   |   55937.44    |    55933.42     |
|            MN258211_1             |   0.00   |    2     |    0.25 ( 2.00%)   |   -27274.46   |   55937.44    |    55933.42     |
|            MN258216_1             |   0.00   |    2     |    0.25 ( 2.00%)   |   -27274.46   |   55937.44    |    55933.42     |
|       KC567274_1_KC567265_1       |   0.00   |    2     |    0.25 ( 2.00%)   |   -27274.46   |   55937.44    |    55933.42     |
|            MN258215_1             |   0.00   |    2     |    0.25 ( 2.00%)   |   -27274.46   |   55937.44    |    55933.42     |
|            MN258213_1             |   0.00   |    2     |    0.25 ( 2.00%)   |   -27274.46   |   55937.44    |    55933.42     |
|            MN258222_1             |   0.00   |    2     |    0.25 ( 2.00%)   |   -27274.46   |   55937.44    |    55933.42     |
|            MN258214_1             |   0.00   |    2     |    0.25 ( 2.00%)   |   -27274.46   |   55937.44    |    55933.42     |
|            MN258217_1             |   0.00   |    2     |    0.25 ( 2.00%)   |   -27274.46   |   55937.44    |    55933.42     |
|            MN850088_1             |   0.00   |    2     |    0.25 ( 2.00%)   |   -27274.46   |   55937.44    |    55933.42     |
|            MH846248_1             |   0.00   |    2     |    0.25 ( 2.00%)   |   -27274.46   |   55937.44    |    55933.42     |
|            MN258191_1             |   0.00   |    2     |    0.25 ( 2.00%)   |   -27274.46   |   55937.44    |    55933.42     |
|            MH846251_1             |   0.00   |    2     |    0.25 ( 2.00%)   |   -27274.46   |   55937.44    |    55933.42     |
|            MN258200_1             |   0.00   |    2     |    0.25 ( 2.00%)   |   -27274.46   |   55937.44    |    55933.42     |
|            MH846249_1             |   0.00   |    2     |    0.25 ( 2.00%)   |   -27274.46   |   55937.44    |    55933.42     |
|            MN258199_1             |   0.00   |    2     |    0.25 ( 2.00%)   |   -27274.46   |   55937.44    |    55933.42     |
|            MN258204_1             |   0.00   |    2     |    0.25 ( 2.00%)   |   -27274.46   |   55937.44    |    55933.42     |
|            MN258196_1             |   0.00   |    2     |    0.25 ( 2.00%)   |   -27274.46   |   55937.44    |    55933.42     |
|            MN258198_1             |   0.00   |    2     |    0.25 ( 2.00%)   |   -27274.46   |   55937.44    |    55933.42     |
|            MN258205_1             |   0.00   |    2     |    0.25 ( 2.00%)   |   -27274.46   |   55937.44    |    55933.42     |
|            MN258201_1             |   0.00   |    2     |    0.25 ( 2.00%)   |   -27274.46   |   55937.44    |    55933.42     |
|           PP_006WBLH_2            |   0.00   |    2     |    0.25 ( 2.00%)   |   -27274.46   |   55937.44    |    55933.42     |
|            MN258202_1             |   0.00   |    2     |    0.25 ( 2.00%)   |   -27274.46   |   55937.44    |    55933.42     |
|            MN258203_1             |   0.00   |    2     |    0.25 ( 2.00%)   |   -27274.46   |   55937.44    |    55933.42     |
|            MN258195_1             |   0.00   |    2     |    0.25 ( 2.00%)   |   -27274.46   |   55937.44    |    55933.42     |
|            OR987855_1             |   0.00   |    2     |    0.25 ( 2.00%)   |   -27274.46   |   55937.44    |    55933.42     |
|            OR965908_1             |   0.00   |    2     |    0.25 ( 2.00%)   |   -27274.46   |   55937.44    |    55933.42     |
|            OR987851_1             |   0.00   |    2     |    0.25 ( 2.00%)   |   -27274.46   |   55937.44    |    55933.42     |
|            OR987854_1             |   0.00   |    2     |    0.25 ( 2.00%)   |   -27274.46   |   55937.44    |    55933.42     |
|            OR965909_1             |   0.00   |    2     |    0.25 ( 2.00%)   |   -27274.46   |   55937.44    |    55933.42     |
|            MN258210_1             |   0.00   |    2     |    0.25 ( 2.00%)   |   -27274.46   |   55937.44    |    55933.42     |
|            OR965911_1             |   0.00   |    2     |    0.25 ( 2.00%)   |   -27274.46   |   55937.44    |    55933.42     |
|       EU170187_1_EU170204_1       |   0.00   |    2     |    0.25 ( 2.00%)   |   -27274.46   |   55937.44    |    55933.42     |
|              Node291              |   0.00   |    2     |    0.25 ( 2.00%)   |   -27274.46   |   55937.44    |    55933.42     |
|            OP555731_1             |   0.00   |    2     |    0.25 ( 2.00%)   |   -27274.46   |   55937.44    |    55933.42     |
|            OR987850_1             |   0.00   |    2     |    0.25 ( 2.00%)   |   -27274.46   |   55937.44    |    55933.42     |
|       EU170186_1_EU170203_1       |   0.00   |    2     |    0.25 ( 2.00%)   |   -27274.46   |   55937.44    |    55933.42     |
|       EU170178_1_EU170195_1       |   0.00   |    2     |    0.25 ( 2.00%)   |   -27274.46   |   55937.44    |    55933.42     |
|       EU170185_1_EU170202_1       |   0.00   |    2     |    0.25 ( 2.00%)   |   -27274.46   |   55937.44    |    55933.42     |
|       EU170180_1_EU170197_1       |   0.00   |    2     |    0.25 ( 2.00%)   |   -27274.46   |   55937.44    |    55933.42     |
|            EU170175_1             |   0.00   |    2     |    0.25 ( 2.00%)   |   -27274.46   |   55937.44    |    55933.42     |
|       EU170184_1_EU170201_1       |   0.00   |    2     |    0.25 ( 2.00%)   |   -27274.46   |   55937.44    |    55933.42     |
|            MN258206_1             |   0.00   |    2     |    0.25 ( 2.00%)   |   -27274.46   |   55937.44    |    55933.42     |
|       EU170181_1_EU170198_1       |   0.00   |    2     |    0.25 ( 2.00%)   |   -27274.46   |   55937.44    |    55933.42     |
|            EU170176_1             |   0.00   |    2     |    0.25 ( 2.00%)   |   -27274.46   |   55937.44    |    55933.42     |
|       KC567270_1_KC567269_1       |   0.00   |    2     |    0.25 ( 2.00%)   |   -27274.46   |   55937.44    |    55933.42     |
|            EU170177_1             |   0.00   |    2     |    0.25 ( 2.00%)   |   -27274.46   |   55937.44    |    55933.42     |
|       KC567271_1_KC567268_1       |   0.00   |    2     |    0.25 ( 2.00%)   |   -27274.46   |   55937.44    |    55933.42     |
|       EU170193_1_EU170194_1       |   0.00   |    2     |    0.25 ( 2.00%)   |   -27274.46   |   55937.44    |    55933.42     |
|       KC567273_1_KC567266_1       |   0.00   |    2     |    0.25 ( 2.00%)   |   -27274.46   |   55937.44    |    55933.42     |
|       EU241637_1_EU241651_1       |   0.00   |    2     |    0.25 ( 2.00%)   |   -27274.46   |   55937.44    |    55933.42     |
|            MN258207_1             |   0.00   |    2     |    0.25 ( 2.00%)   |   -27274.46   |   55937.44    |    55933.42     |
|           PP_006XDHK_5            |   0.00   |    2     |    0.25 ( 2.00%)   |   -27274.46   |   55937.44    |    55933.42     |
|            PV796317_1             |   0.00   |    2     |    0.25 ( 2.00%)   |   -27274.46   |   55937.44    |    55933.42     |
|       EU241646_1_EU241660_1       |   0.00   |    2     |    0.25 ( 2.00%)   |   -27274.46   |   55937.44    |    55933.42     |
|           PP_006XDJH_5            |   0.00   |    2     |    0.25 ( 2.00%)   |   -27274.46   |   55937.44    |    55933.42     |
|       EU170190_1_EU170205_1       |   0.00   |    2     |    0.25 ( 2.00%)   |   -27274.46   |   55937.44    |    55933.42     |
|            EU170188_1             |   0.00   |    2     |    0.25 ( 2.00%)   |   -27274.46   |   55937.44    |    55933.42     |
|            EU170189_1             |   0.00   |    2     |    0.25 ( 2.00%)   |   -27274.46   |   55937.44    |    55933.42     |
|            EU170174_1             |   0.00   |    2     |    0.25 ( 2.00%)   |   -27274.46   |   55937.44    |    55933.42     |
|            MN258208_1             |   0.00   |    2     |    0.25 ( 2.00%)   |   -27274.46   |   55937.44    |    55933.42     |
|            PV808468_1             |   0.00   |    2     |    0.25 ( 2.00%)   |   -27274.46   |   55937.44    |    55933.42     |
|            EU170192_1             |   0.00   |    2     |    0.25 ( 2.00%)   |   -27274.46   |   55937.44    |    55933.42     |
|            MN258209_1             |   0.00   |    2     |    0.25 ( 2.00%)   |   -27274.46   |   55937.44    |    55933.42     |

### Rate class analyses summary
*  296 branches with **1** rate classes
*  21 branches with **2** rate classes

### Annotated Tree
((EF495339_1{1},EF495340_1{1})Node3{1},(KF581135_1{1},((MG953527_1{1},(EF495338_1{2},(PP058741_1{2},(EU543217_1{1},(AY970821_1{1},((EU170188_1{1},EU543216_1{1})Node20{1},(EU170172_1{1},(EU170173_1{1},(EU170170_1{1},EU170169_1{1},EU170174_1{1},(EU170175_1{1},EU170176_1{1})Node34{1})Node28{1},((EU170168_1{1},(((EU170193_1_EU170194_1{1},EU170171_1{1})Node61{1},EU170183_1_EU170200_1{1},EU170177_1{1})Node60{1},(EU170182_1_EU170199_1{1},((EU170185_1_EU170202_1{1},EU170186_1_EU170203_1{1})Node70{1},(EU170162_1{1},(EU621721_1{2},(EU170167_1{1},EU621722_1{1})Node78{1},(EU170166_1{1},(EU170163_1{1},(EU170164_1{1},EU170165_1{1})Node85{1})Node83{1})Node81{1})Node75{1})Node73{2})Node69{1})Node67{1})Node59{1})Node57{1},(((EU170181_1_EU170198_1{1},EU170191_1_EU170206_1{1})Node47{1},EU170190_1_EU170205_1{1},(EU170189_1{1},EU170179_1_EU170196_1{1},EU170192_1{1})Node52{1})Node46{1},EU170178_1_EU170195_1{1},EU170180_1_EU170197_1{1})Node42{1},EU170184_1_EU170201_1{1},EU170187_1_EU170204_1{1})Node37{2})Node25{1})Node23{1})Node19{1})Node17{1})Node15{1})Node13{1})Node11{2})Node9{1},((((AF028023_1{2},(AF389484_1_AF389490_1_AF389482_1{2},(OR987854_1{1},OR987855_1{1})Node95{1})Node93{1})Node91{1},((DQ189092_1{1},OR965908_1{1},OP555731_1{1})Node99{1},((PP003839_1{1},PP003838_1{1})Node105{1},(OR987853_1{1},((OR965910_1{1},OR965909_1{1},OR965911_1{1})Node111{1},(OR987851_1{1},(DQ189093_1{1},(DQ189094_1{1},OR987850_1{1},OR987852_1{1})Node120{1})Node118{1})Node116{1})Node110{1})Node108{1})Node104{1})Node98{1})Node90{2},(OQ092244_1{2},((AH011226_2{1},((AY515598_1_AY515603_1{1},OR890440_1{1})Node131{1},((AF389485_1_AF389488_1_AF389479_1{1},((AY204680_1{1},OL840326_1{1},AY101185_1{1})Node138{1},(AY101184_1{1},(AY204679_1{1},(AY204677_1{1},AY204678_1{1})Node147{1})Node145{1})Node143{1})Node137{1})Node135{2},(AF028022_1{2},(OR987856_1{1},((PP151163_1{1},PP151164_1{1})Node155{1},(MH846250_1{1},MH846251_1{1},(AF389486_1_AF389489_1_AF389480_1{2},MH846248_1{1},MH846249_1{1})Node162{1})Node158{1})Node154{1})Node152{1})Node150{1})Node134{1})Node130{1})Node128{1},(AY963900_1{2},(((AF389512_1{1},(AF389510_1{1},AF389511_1{1})Node173{1})Node171{1},(AF389508_1{1},(AF389509_1{1},(AF389506_1{1},AF389507_1{1})Node180{1})Node178{1})Node176{1})Node170{1},(AF389505_1{1},(((AF389504_1{1},AF389483_1_AF389491_1_AF389502_1{1},AF389503_1{1})Node187{2},(AF389501_1{1},(AH011225_2{1},AF389500_1{1})Node194{1})Node192{1})Node186{2},(AF389495_1{1},AF389494_1{1},(AF389496_1{1},AF389497_1{1})Node202{1},((AF028024_1{1},AF389493_1{1})Node206{1},(AF389498_1{1},AF389499_1{1})Node209{1})Node205{1})Node197{1})Node185{1})Node183{1})Node169{1})Node167{1})Node127{1})Node125{1})Node89{2},(((EU241641_1_EU241655_1{2},EU241640_1{1})Node214{1},(EU241639_1_EU241653_1{1},(EU241637_1_EU241651_1{1},EU241638_1_EU241652_1{1})Node219{1})Node217{1})Node213{2},(EU241650_1_EU241664_1{1},((EU241643_1_EU241657_1{1},((MN850091_1{1},(EU241648_1_EU241662_1{1},EU241649_1_EU241663_1{1})Node230{1})Node228{1},(KC567275_1_KC567264_1{1},(AF291703_2{1},NC_003467_2{1},MT956623_1{1})Node235{1})Node233{1})Node227{1})Node225{1},((((OP555724_1{1},(PV796317_1{1},PV808468_1{1})Node245{1})Node243{1},((KC567278_1_KC567261_1{1},(PP_006XDJH_5{1},PP_006WBLH_2{1},PP_006XDHK_5{1})Node251{1})Node249{1},(((MN258191_1{1},MN258192_1{1})Node261{1},EU241645_1_EU241659_1{1},EU241647_1_EU241661_1{1})Node257{1},EU241644_1_EU241658_1{1},((EU241646_1_EU241660_1{1},DQ189095_1{1})Node267{1},(KC567281_1_KC567258_1{1},KC567279_1_KC567260_1{1})Node270{1})Node266{1})Node256{1})Node248{1})Node242{1},((KC567276_1_KC567263_1{1},KC567280_1_KC567259_1{1},KC567277_1_KC567262_1{1})Node274{1},((MN258190_1{1},(KC567272_1_KC567267_1{1},KC567273_1_KC567266_1{1},KC567271_1_KC567268_1{1},KC567274_1_KC567265_1{1},KC567270_1_KC567269_1{1})Node282{1})Node280{1},((EU241642_1_EU241656_1{1},(PV808471_1{1},MT956619_1{1})Node294{1})Node292{1},((OR405524_1{1},KY604962_1{1})Node298{1},(MN258193_1{1},(AF389487_1_AF389492_1_AF389481_1{1},AF324901_2{1})Node303{1})Node301{1})Node297{1})Node291{1})Node279{1})Node273{1})Node241{1},((MN850089_1{1},MN850088_1{1},MN850090_1{1})Node307{1},((MN258189_1{1},MN850092_1{1})Node313{1},(MN258194_1{1},(MN258215_1{1},MN258197_1{1},MN258196_1{1},MN258214_1{1},MN258221_1{1},MN258211_1{1},MN258200_1{1},MN258219_1{1},MN258217_1{1},MN258205_1{1},MN258199_1{1},MN258210_1{1},MN258209_1{1},MN258202_1{1},MN258222_1{1},MN258204_1{1},MN258213_1{1},MN258203_1{1},MN258201_1{1},MN258212_1{1},MN258216_1{1},MN258206_1{1},MN258208_1{1},MN258220_1{1},MN258218_1{1},MN258198_1{1},MN258195_1{1},MN258207_1{1})Node318{1})Node316{1})Node312{1})Node306{1})Node240{1})Node224{1})Node222{1})Node212{1})Node88{1})Node8{1})Node6{2},NC_077670_1{2})

----

```
 |EF495339_1 (1)
|+Node3 (1)
||EF495340_1 (1)
||KF581135_1 (1)
|+Node6 (2)
|| |MG953527_1 (1)
|||+Node9 (1)
|||||EF495338_1 (2)
||||+Node11 (2)
||| ||PP058741_1 (2)
||| |+Node13 (1)
|||  ||EU543217_1 (1)
|||  |+Node15 (1)
|||   ||AY970821_1 (1)
|||   |+Node17 (1)
|||    | |EU170188_1 (1)
|||    ||+Node20 (1)
|||    |||EU543216_1 (1)
|||    |+Node19 (1)
|||     ||EU170172_1 (1)
|||     |+Node23 (1)
|||      ||EU170173_1 (1)
|||      |+Node25 (1)
|||       ||EU170170_1 (1)
|||       ||EU170169_1 (1)
|||       |+Node28 (1)
|||       ||EU170174_1 (1)
|||       |||EU170175_1 (1)
|||       ||+Node34 (1)
|||       | |EU170176_1 (1)
|||       | |EU170168_1 (1)
|||       ||+Node57 (1)
|||       |||  |EU170193_1_EU170194_1 (1)
|||       ||| |+Node61 (1)
|||       ||| ||EU170171_1 (1)
|||       ||||+Node60 (1)
|||       |||||EU170183_1_EU170200_1 (1)
|||       |||||EU170177_1 (1)
|||       |||+Node59 (1)
|||       || ||EU170182_1_EU170199_1 (1)
|||       || |+Node67 (1)
|||       ||  | |EU170185_1_EU170202_1 (1)
|||       ||  ||+Node70 (1)
|||       ||  |||EU170186_1_EU170203_1 (1)
|||       ||  |+Node69 (1)
|||       ||   ||EU170162_1 (1)
|||       ||   |+Node73 (2)
|||       ||    ||EU621721_1 (2)
|||       ||    |+Node75 (1)
|||       ||     ||EU170167_1 (1)
|||       ||     |+Node78 (1)
|||       ||     ||EU621722_1 (1)
|||       ||     ||EU170166_1 (1)
|||       ||     |+Node81 (1)
|||       ||      ||EU170163_1 (1)
|||       ||      |+Node83 (1)
|||       ||       ||EU170164_1 (1)
|||       ||       |+Node85 (1)
|||       ||        |EU170165_1 (1)
|||       ||  |EU170181_1_EU170198_1 (1)
|||       || |+Node47 (1)
|||       || ||EU170191_1_EU170206_1 (1)
|||       |||+Node46 (1)
|||       ||||EU170190_1_EU170205_1 (1)
|||       |||||EU170189_1 (1)
|||       ||||+Node52 (1)
|||       ||| |EU170179_1_EU170196_1 (1)
|||       ||| |EU170192_1 (1)
|||       ||+Node42 (1)
|||       |||EU170178_1_EU170195_1 (1)
|||       |||EU170180_1_EU170197_1 (1)
|||       |+Node37 (2)
|||        |EU170184_1_EU170201_1 (1)
|||        |EU170187_1_EU170204_1 (1)
||+Node8 (1)
| |   |AF028023_1 (2)
| |  |+Node91 (1)
| |  |||AF389484_1_AF389490_1_AF389482_1 (2)
| |  ||+Node93 (1)
| |  | ||OR987854_1 (1)
| |  | |+Node95 (1)
| |  |  |OR987855_1 (1)
| | |+Node90 (2)
| | || |DQ189092_1 (1)
| | |||+Node99 (1)
| | ||||OR965908_1 (1)
| | ||||OP555731_1 (1)
| | ||+Node98 (1)
| | | | |PP003839_1 (1)
| | | ||+Node105 (1)
| | | |||PP003838_1 (1)
| | | |+Node104 (1)
| | |  ||OR987853_1 (1)
| | |  |+Node108 (1)
| | |   | |OR965910_1 (1)
| | |   ||+Node111 (1)
| | |   |||OR965909_1 (1)
| | |   |||OR965911_1 (1)
| | |   |+Node110 (1)
| | |    ||OR987851_1 (1)
| | |    |+Node116 (1)
| | |     ||DQ189093_1 (1)
| | |     |+Node118 (1)
| | |      ||DQ189094_1 (1)
| | |      |+Node120 (1)
| | |       |OR987850_1 (1)
| | |       |OR987852_1 (1)
| ||+Node89 (2)
| ||||OQ092244_1 (2)
| |||+Node125 (1)
| || | |AH011226_2 (1)
| || ||+Node128 (1)
| || ||| |AY515598_1_AY515603_1 (1)
| || ||||+Node131 (1)
| || |||||OR890440_1 (1)
| || |||+Node130 (1)
| || || | |AF389485_1_AF389488_1_AF389479_1 (1)
| || || ||+Node135 (2)
| || || ||| |AY204680_1 (1)
| || || ||||+Node138 (1)
| || || |||||OL840326_1 (1)
| || || |||||AY101185_1 (1)
| || || |||+Node137 (1)
| || || || ||AY101184_1 (1)
| || || || |+Node143 (1)
| || || ||  ||AY204679_1 (1)
| || || ||  |+Node145 (1)
| || || ||   ||AY204677_1 (1)
| || || ||   |+Node147 (1)
| || || ||    |AY204678_1 (1)
| || || |+Node134 (1)
| || ||  ||AF028022_1 (2)
| || ||  |+Node150 (1)
| || ||   ||OR987856_1 (1)
| || ||   |+Node152 (1)
| || ||    | |PP151163_1 (1)
| || ||    ||+Node155 (1)
| || ||    |||PP151164_1 (1)
| || ||    |+Node154 (1)
| || ||     ||MH846250_1 (1)
| || ||     |+Node158 (1)
| || ||      |MH846251_1 (1)
| || ||      ||AF389486_1_AF389489_1_AF389480_1 (2)
| || ||      |+Node162 (1)
| || ||       |MH846248_1 (1)
| || ||       |MH846249_1 (1)
| || |+Node127 (1)
| ||  ||AY963900_1 (2)
| ||  |+Node167 (1)
| ||   |  |AF389512_1 (1)
| ||   | |+Node171 (1)
| ||   | |||AF389510_1 (1)
| ||   | ||+Node173 (1)
| ||   | | |AF389511_1 (1)
| ||   ||+Node170 (1)
| ||   ||||AF389508_1 (1)
| ||   |||+Node176 (1)
| ||   || ||AF389509_1 (1)
| ||   || |+Node178 (1)
| ||   ||  ||AF389506_1 (1)
| ||   ||  |+Node180 (1)
| ||   ||   |AF389507_1 (1)
| ||   |+Node169 (1)
| ||    ||AF389505_1 (1)
| ||    |+Node183 (1)
| ||     |  |AF389504_1 (1)
| ||     | |+Node187 (2)
| ||     | ||AF389483_1_AF389491_1_AF389502_1 (1)
| ||     | ||AF389503_1 (1)
| ||     ||+Node186 (2)
| ||     ||||AF389501_1 (1)
| ||     |||+Node192 (1)
| ||     || ||AH011225_2 (1)
| ||     || |+Node194 (1)
| ||     ||  |AF389500_1 (1)
| ||     |+Node185 (1)
| ||      ||AF389495_1 (1)
| ||      ||AF389494_1 (1)
| ||      |+Node197 (1)
| ||       ||AF389496_1 (1)
| ||       |+Node202 (1)
| ||       ||AF389497_1 (1)
| ||       | |AF028024_1 (1)
| ||       ||+Node206 (1)
| ||       |||AF389493_1 (1)
| ||       |+Node205 (1)
| ||        ||AF389498_1 (1)
| ||        |+Node209 (1)
| ||         |AF389499_1 (1)
| |+Node88 (1)
|  |  |EU241641_1_EU241655_1 (2)
|  | |+Node214 (1)
|  | ||EU241640_1 (1)
|  ||+Node213 (2)
|  ||||EU241639_1_EU241653_1 (1)
|  |||+Node217 (1)
|  || ||EU241637_1_EU241651_1 (1)
|  || |+Node219 (1)
|  ||  |EU241638_1_EU241652_1 (1)
|  |+Node212 (1)
|   ||EU241650_1_EU241664_1 (1)
|   |+Node222 (1)
|    | |EU241643_1_EU241657_1 (1)
|    ||+Node225 (1)
|    ||| |MN850091_1 (1)
|    ||||+Node228 (1)
|    ||||||EU241648_1_EU241662_1 (1)
|    |||||+Node230 (1)
|    |||| |EU241649_1_EU241663_1 (1)
|    |||+Node227 (1)
|    || ||KC567275_1_KC567264_1 (1)
|    || |+Node233 (1)
|    ||  ||AF291703_2 (1)
|    ||  |+Node235 (1)
|    ||   |NC_003467_2 (1)
|    ||   |MT956623_1 (1)
|    |+Node224 (1)
|     |   |OP555724_1 (1)
|     |  |+Node243 (1)
|     |  |||PV796317_1 (1)
|     |  ||+Node245 (1)
|     |  | |PV808468_1 (1)
|     | |+Node242 (1)
|     | || |KC567278_1_KC567261_1 (1)
|     | |||+Node249 (1)
|     | |||||PP_006XDJH_5 (1)
|     | ||||+Node251 (1)
|     | ||| |PP_006WBLH_2 (1)
|     | ||| |PP_006XDHK_5 (1)
|     | ||+Node248 (1)
|     | | |  |MN258191_1 (1)
|     | | | |+Node261 (1)
|     | | | ||MN258192_1 (1)
|     | | ||+Node257 (1)
|     | | |||EU241645_1_EU241659_1 (1)
|     | | |||EU241647_1_EU241661_1 (1)
|     | | |+Node256 (1)
|     | |  |EU241644_1_EU241658_1 (1)
|     | |  | |EU241646_1_EU241660_1 (1)
|     | |  ||+Node267 (1)
|     | |  |||DQ189095_1 (1)
|     | |  |+Node266 (1)
|     | |   ||KC567281_1_KC567258_1 (1)
|     | |   |+Node270 (1)
|     | |    |KC567279_1_KC567260_1 (1)
|     ||+Node241 (1)
|     ||| |KC567276_1_KC567263_1 (1)
|     ||||+Node274 (1)
|     |||||KC567280_1_KC567259_1 (1)
|     |||||KC567277_1_KC567262_1 (1)
|     |||+Node273 (1)
|     || | |MN258190_1 (1)
|     || ||+Node280 (1)
|     || ||||KC567272_1_KC567267_1 (1)
|     || ||||KC567273_1_KC567266_1 (1)
|     || |||+Node282 (1)
|     || || |KC567271_1_KC567268_1 (1)
|     || || |KC567274_1_KC567265_1 (1)
|     || || |KC567270_1_KC567269_1 (1)
|     || |+Node279 (1)
|     ||  | |EU241642_1_EU241656_1 (1)
|     ||  ||+Node292 (1)
|     ||  ||||PV808471_1 (1)
|     ||  |||+Node294 (1)
|     ||  || |MT956619_1 (1)
|     ||  |+Node291 (1)
|     ||   | |OR405524_1 (1)
|     ||   ||+Node298 (1)
|     ||   |||KY604962_1 (1)
|     ||   |+Node297 (1)
|     ||    ||MN258193_1 (1)
|     ||    |+Node301 (1)
|     ||     ||AF389487_1_AF389492_1_AF389481_1 (1)
|     ||     |+Node303 (1)
|     ||      |AF324901_2 (1)
|     |+Node240 (1)
|      | |MN850089_1 (1)
|      ||+Node307 (1)
|      |||MN850088_1 (1)
|      |||MN850090_1 (1)
|      |+Node306 (1)
|       | |MN258189_1 (1)
|       ||+Node313 (1)
|       |||MN850092_1 (1)
|       |+Node312 (1)
|        ||MN258194_1 (1)
|        |+Node316 (1)
|         ||MN258215_1 (1)
|         ||MN258197_1 (1)
|         ||MN258196_1 (1)
|         ||MN258214_1 (1)
|         ||MN258221_1 (1)
|         ||MN258211_1 (1)
|         ||MN258200_1 (1)
|         ||MN258219_1 (1)
|         ||MN258217_1 (1)
|         ||MN258205_1 (1)
|         ||MN258199_1 (1)
|         ||MN258210_1 (1)
|         ||MN258209_1 (1)
|         ||MN258202_1 (1)
|         |+Node318 (1)
|          |MN258222_1 (1)
|          |MN258204_1 (1)
|          |MN258213_1 (1)
|          |MN258203_1 (1)
|          |MN258201_1 (1)
|          |MN258212_1 (1)
|          |MN258216_1 (1)
|          |MN258206_1 (1)
|          |MN258208_1 (1)
|          |MN258220_1 (1)
|          |MN258218_1 (1)
|          |MN258198_1 (1)
|          |MN258195_1 (1)
|          |MN258207_1 (1)
|NC_077670_1 (2)
```


### Improving parameter estimates of the adaptive rate class model
* Log(L) = -27191.64, AIC-c = 55767.76 (690 estimated parameters)

### Testing selected branches for selection

|              Branch               |  Rates   |     Max. dN/dS     | Sites @ EBF>=100 |      Test LRT      |Uncorrected p-value |
|-----------------------------------|----------|--------------------|------------------|--------------------|--------------------|
|               Node3               |     1    |   0.00 (100.00%)   |       N/A        |    Not selected    |    for testing     |
|            NC_077670_1            |     2    |    0.14 (10.15%)   |       N/A        |    Not selected    |    for testing     |
|            EF495338_1             |     2    |    0.84 ( 2.88%)   |       N/A        |    Not selected    |    for testing     |
|               Node6               |     2    |    0.64 ( 4.17%)   |       N/A        |    Not selected    |    for testing     |
|            AY963900_1             |     2    |    0.92 ( 1.15%)   |       N/A        |    Not selected    |    for testing     |
|              Node15               |     1    |   0.01 (100.00%)   |       N/A        |    Not selected    |    for testing     |
|            PP058741_1             |     2    |    0.21 ( 9.26%)   |       N/A        |    Not selected    |    for testing     |
|            KF581135_1             |     1    |   0.01 (100.00%)   |       N/A        |    Not selected    |    for testing     |
|              Node212              |     1    |   0.02 (100.00%)   |       N/A        |        0.00        |       1.00000      |
|            OQ092244_1             |     2    |    0.21 ( 8.38%)   |       N/A        |    Not selected    |    for testing     |
|              Node90               |     2    |    0.66 ( 3.29%)   |       N/A        |    Not selected    |    for testing     |
|              Node89               |     2    |   >1000 ( 0.32%)   |       N/A        |    Not selected    |    for testing     |
|            MG953527_1             |     1    |   0.04 (100.00%)   |       N/A        |    Not selected    |    for testing     |
|              Node167              |     1    |   0.01 (100.00%)   |       N/A        |    Not selected    |    for testing     |
|              Node128              |     1    |   0.01 (100.00%)   |       N/A        |    Not selected    |    for testing     |
|              Node135              |     2    |   >1000 ( 0.77%)   |       N/A        |    Not selected    |    for testing     |
|            EU170168_1             |     1    |   0.01 (100.00%)   |       N/A        |    Not selected    |    for testing     |
|               Node8               |     1    |  >1000 (100.00%)   |       N/A        |    Not selected    |    for testing     |
|              Node213              |     2    |    4.94 ( 1.76%)   |       N/A        |    Not selected    |    for testing     |
|              Node150              |     1    |   0.00 (100.00%)   |       N/A        |    Not selected    |    for testing     |
|              Node17               |     1    |   0.00 (100.00%)   |       N/A        |    Not selected    |    for testing     |
|              Node88               |     1    |   0.04 (100.00%)   |       N/A        |    Not selected    |    for testing     |
|       EU241650_1_EU241664_1       |     1    |   0.04 (100.00%)   |       N/A        |    Not selected    |    for testing     |
|              Node20               |     1    |   0.00 (100.00%)   |       N/A        |    Not selected    |    for testing     |
|              Node222              |     1    |   0.00 (100.00%)   |       N/A        |        0.00        |       1.00000      |
|       AY515598_1_AY515603_1       |     1    |   0.00 (100.00%)   |       N/A        |    Not selected    |    for testing     |
|            EU170162_1             |     1    |   0.00 (100.00%)   |       N/A        |    Not selected    |    for testing     |
|              Node217              |     1    |   0.00 (100.00%)   |       N/A        |    Not selected    |    for testing     |
|              Node169              |     1    |   0.06 (100.00%)   |       N/A        |    Not selected    |    for testing     |
|              Node138              |     1    |   0.00 (100.00%)   |       N/A        |    Not selected    |    for testing     |
|       EU241643_1_EU241657_1       |     1    |   0.02 (100.00%)   |       N/A        |    Not selected    |    for testing     |
|              Node67               |     1    |   0.00 (100.00%)   |       N/A        |    Not selected    |    for testing     |
|AF389484_1_AF389490_1_AF389482_1...|     2    |   >1000 ( 1.19%)   |       N/A        |    Not selected    |    for testing     |
|            OR890440_1             |     1    |   0.01 (100.00%)   |       N/A        |    Not selected    |    for testing     |
|              Node125              |     1    |   0.02 (100.00%)   |       N/A        |    Not selected    |    for testing     |
|              Node81               |     1    |   0.00 (100.00%)   |       N/A        |    Not selected    |    for testing     |
|              Node127              |     1    |   0.02 (100.00%)   |       N/A        |    Not selected    |    for testing     |
|              Node176              |     1    |   0.00 (100.00%)   |       N/A        |    Not selected    |    for testing     |
|            EU621721_1             |     2    |   55.38 ( 1.63%)   |       N/A        |    Not selected    |    for testing     |
|       EU241641_1_EU241655_1       |     2    |   33.02 ( 1.41%)   |       N/A        |    Not selected    |    for testing     |
|              Node219              |     1    |   0.01 (100.00%)   |       N/A        |    Not selected    |    for testing     |
|              Node171              |     1    |   0.00 (100.00%)   |       N/A        |    Not selected    |    for testing     |
|            AF028023_1             |     2    |    5.95 ( 2.08%)   |       N/A        |    Not selected    |    for testing     |
|              Node11               |     2    |    1.57 ( 1.30%)   |       N/A        |    Not selected    |    for testing     |
|              Node214              |     1    |   0.03 (100.00%)   |       N/A        |    Not selected    |    for testing     |
|              Node59               |     1    |   0.00 (100.00%)   |       N/A        |    Not selected    |    for testing     |
|              Node13               |     1    |  >1000 (100.00%)   |       N/A        |    Not selected    |    for testing     |
|            EU241640_1             |     1    |   0.00 (100.00%)   |       N/A        |    Not selected    |    for testing     |
|            AH011226_2             |     1    |   0.54 (100.00%)   |       N/A        |    Not selected    |    for testing     |
|              Node131              |     1    |   0.02 (100.00%)   |       N/A        |    Not selected    |    for testing     |
|              Node130              |     1    |   0.00 (100.00%)   |       N/A        |    Not selected    |    for testing     |
|              Node60               |     1    |   0.00 (100.00%)   |       N/A        |    Not selected    |    for testing     |
|              Node137              |     1    |   0.00 (100.00%)   |       N/A        |    Not selected    |    for testing     |
|       EU241639_1_EU241653_1       |     1    |   0.03 (100.00%)   |       N/A        |    Not selected    |    for testing     |
|              Node224              |     1    |   0.03 (100.00%)   |       N/A        |        0.00        |       1.00000      |
|              Node37               |     2    |   >1000 ( 3.91%)   |       N/A        |    Not selected    |    for testing     |
|            AF389512_1             |     1    |   0.00 (100.00%)   |       N/A        |    Not selected    |    for testing     |
|              Node143              |     1    |   0.00 (100.00%)   |       N/A        |    Not selected    |    for testing     |
|       KC567275_1_KC567264_1       |     1    |   0.00 (100.00%)   |       N/A        |    Not selected    |    for testing     |
|AF389486_1_AF389489_1_AF389480_1...|     2    |   >1000 ( 1.06%)   |       N/A        |    Not selected    |    for testing     |
|              Node183              |     1    |   0.00 (100.00%)   |       N/A        |    Not selected    |    for testing     |
|            AF389509_1             |     1    |   0.00 (100.00%)   |       N/A        |    Not selected    |    for testing     |
|            MN850091_1             |     1    |   0.01 (100.00%)   |       N/A        |    Not selected    |    for testing     |
|            AF389496_1             |     1    |   0.12 (100.00%)   |       N/A        |    Not selected    |    for testing     |
|              Node306              |     1    |   0.03 (100.00%)   |       N/A        |        0.00        |       1.00000      |
|              Node194              |     1    |   0.00 (100.00%)   |       N/A        |    Not selected    |    for testing     |
|            AF028022_1             |     2    |  154.33 ( 0.42%)   |       N/A        |    Not selected    |    for testing     |
|              Node170              |     1    |   0.00 (100.00%)   |       N/A        |    Not selected    |    for testing     |
|            EU170167_1             |     1    |   0.00 (100.00%)   |       N/A        |    Not selected    |    for testing     |
|            AF389507_1             |     1    |   0.00 (100.00%)   |       N/A        |    Not selected    |    for testing     |
|              Node202              |     1    |   0.00 (100.00%)   |       N/A        |    Not selected    |    for testing     |
|              Node134              |     1    |   0.03 (100.00%)   |       N/A        |    Not selected    |    for testing     |
|       KC567277_1_KC567262_1       |     1    |   0.00 (100.00%)   |       N/A        |    Not selected    |    for testing     |
|            AF389506_1             |     1    |   0.17 (100.00%)   |       N/A        |    Not selected    |    for testing     |
|              Node233              |     1    |   0.00 (100.00%)   |       N/A        |    Not selected    |    for testing     |
|            EU543216_1             |     1    |   0.37 (100.00%)   |       N/A        |    Not selected    |    for testing     |
|              Node235              |     1    |   0.06 (100.00%)   |       N/A        |    Not selected    |    for testing     |
|              Node230              |     1    |   0.00 (100.00%)   |       N/A        |    Not selected    |    for testing     |
|            OR987856_1             |     1    |   0.04 (100.00%)   |       N/A        |    Not selected    |    for testing     |
|            AF389510_1             |     1    |   0.18 (100.00%)   |       N/A        |    Not selected    |    for testing     |
|              Node83               |     1    |   0.00 (100.00%)   |       N/A        |    Not selected    |    for testing     |
|              Node294              |     1    |   0.02 (100.00%)   |       N/A        |    Not selected    |    for testing     |
|       EU170191_1_EU170206_1       |     1    |   0.16 (100.00%)   |       N/A        |    Not selected    |    for testing     |
|              Node95               |     1    |   0.03 (100.00%)   |       N/A        |    Not selected    |    for testing     |
|              Node75               |     1    |   0.00 (100.00%)   |       N/A        |    Not selected    |    for testing     |
|            EU621722_1             |     1    |   0.00 (100.00%)   |       N/A        |    Not selected    |    for testing     |
|              Node282              |     1    |   0.18 (100.00%)   |       N/A        |    Not selected    |    for testing     |
|            AH011225_2             |     1    |   0.29 (100.00%)   |       N/A        |    Not selected    |    for testing     |
|              Node209              |     1    |   0.00 (100.00%)   |       N/A        |    Not selected    |    for testing     |
|            AF389495_1             |     1    |   0.00 (100.00%)   |       N/A        |    Not selected    |    for testing     |
|            MN258190_1             |     1    |   0.04 (100.00%)   |       N/A        |    Not selected    |    for testing     |
|AF389487_1_AF389492_1_AF389481_1...|     1    |  >1000 (100.00%)   |       N/A        |    Not selected    |    for testing     |
|              Node227              |     1    |   0.00 (100.00%)   |       N/A        |    Not selected    |    for testing     |
|              Node185              |     1    |   0.00 (100.00%)   |       N/A        |    Not selected    |    for testing     |
|              Node298              |     1    |   0.01 (100.00%)   |       N/A        |    Not selected    |    for testing     |
|            PP151163_1             |     1    |   0.03 (100.00%)   |       N/A        |    Not selected    |    for testing     |
|              Node25               |     1    |   0.07 (100.00%)   |       N/A        |    Not selected    |    for testing     |
|              Node248              |     1    |   0.01 (100.00%)   |       N/A        |    Not selected    |    for testing     |
|              Node187              |     2    |   >1000 ( 0.94%)   |       N/A        |    Not selected    |    for testing     |
|              Node46               |     1    |   0.00 (100.00%)   |       N/A        |    Not selected    |    for testing     |
|            AY204679_1             |     1    |   0.00 (100.00%)   |       N/A        |    Not selected    |    for testing     |
|              Node42               |     1    |   0.00 (100.00%)   |       N/A        |    Not selected    |    for testing     |
|       EU241642_1_EU241656_1       |     1    |   0.00 (100.00%)   |       N/A        |    Not selected    |    for testing     |
|              Node78               |     1    |   0.16 (100.00%)   |       N/A        |    Not selected    |    for testing     |
|            EU170172_1             |     1    |   0.00 (100.00%)   |       N/A        |    Not selected    |    for testing     |
|            MH846250_1             |     1    |   0.18 (100.00%)   |       N/A        |    Not selected    |    for testing     |
|AF389485_1_AF389488_1_AF389479_1...|     1    |  >1000 (100.00%)   |       N/A        |    Not selected    |    for testing     |
|            EU170173_1             |     1    |   0.00 (100.00%)   |       N/A        |    Not selected    |    for testing     |
|              Node28               |     1    |   0.00 (100.00%)   |       N/A        |    Not selected    |    for testing     |
|              Node69               |     1    |   0.00 (100.00%)   |       N/A        |    Not selected    |    for testing     |
|            OL840326_1             |     1    |   0.00 (100.00%)   |       N/A        |    Not selected    |    for testing     |
|            AY204680_1             |     1    |   0.00 (100.00%)   |       N/A        |    Not selected    |    for testing     |
|            EU170170_1             |     1    |   0.34 (100.00%)   |       N/A        |    Not selected    |    for testing     |
|            PP151164_1             |     1    |   0.04 (100.00%)   |       N/A        |    Not selected    |    for testing     |
|       KC567272_1_KC567267_1       |     1    |   0.73 (100.00%)   |       N/A        |    Not selected    |    for testing     |
|              Node245              |     1    |   0.00 (100.00%)   |       N/A        |    Not selected    |    for testing     |
|              Node19               |     1    |   0.00 (100.00%)   |       N/A        |    Not selected    |    for testing     |
|            MN258193_1             |     1    |   0.06 (100.00%)   |       N/A        |    Not selected    |    for testing     |
|              Node186              |     2    |    0.25 (20.21%)   |       N/A        |    Not selected    |    for testing     |
|              Node243              |     1    |   0.00 (100.00%)   |       N/A        |    Not selected    |    for testing     |
|            AY204677_1             |     1    |   0.00 (100.00%)   |       N/A        |    Not selected    |    for testing     |
|              Node241              |     1    |   0.02 (100.00%)   |       N/A        |        0.00        |       1.00000      |
|              Node242              |     1    |   0.07 (100.00%)   |       N/A        |        0.00        |       1.00000      |
|              Node301              |     1    |   0.04 (100.00%)   |       N/A        |    Not selected    |    for testing     |
|              Node73               |     2    |   >1000 ( 0.76%)   |       N/A        |    Not selected    |    for testing     |
|            EU170166_1             |     1    |   0.00 (100.00%)   |       N/A        |    Not selected    |    for testing     |
|              Node192              |     1    |   0.00 (100.00%)   |       N/A        |    Not selected    |    for testing     |
|            MN258194_1             |     1    |   0.02 (100.00%)   |       N/A        |    Not selected    |    for testing     |
|            AF389511_1             |     1    |   0.00 (100.00%)   |       N/A        |    Not selected    |    for testing     |
|              Node145              |     1    |   0.00 (100.00%)   |       N/A        |    Not selected    |    for testing     |
|              Node57               |     1    |   0.00 (100.00%)   |       N/A        |    Not selected    |    for testing     |
|              Node307              |     1    |   0.00 (100.00%)   |       N/A        |    Not selected    |    for testing     |
|       KC567281_1_KC567258_1       |     1    |   0.00 (100.00%)   |       N/A        |    Not selected    |    for testing     |
|              Node273              |     1    |   0.00 (100.00%)   |       N/A        |        0.00        |       1.00000      |
|              Node240              |     1    |   0.00 (100.00%)   |       N/A        |        0.00        |       1.00000      |
|              Node178              |     1    |   0.00 (100.00%)   |       N/A        |    Not selected    |    for testing     |
|            MN850092_1             |     1    |   0.05 (100.00%)   |       N/A        |    Not selected    |    for testing     |
|            OR987853_1             |     1    |   0.00 (100.00%)   |       N/A        |    Not selected    |    for testing     |
|              Node180              |     1    |   0.00 (100.00%)   |       N/A        |    Not selected    |    for testing     |
|            PP003838_1             |     1    |   0.06 (100.00%)   |       N/A        |    Not selected    |    for testing     |
|            AF389497_1             |     1    |   0.00 (100.00%)   |       N/A        |    Not selected    |    for testing     |
|            EU543217_1             |     1    |  >1000 (100.00%)   |       N/A        |    Not selected    |    for testing     |
|            AF389501_1             |     1    |   0.00 (100.00%)   |       N/A        |    Not selected    |    for testing     |
|       KC567280_1_KC567259_1       |     1    |   0.00 (100.00%)   |       N/A        |    Not selected    |    for testing     |
|              Node318              |     1    |   0.00 (100.00%)   |       N/A        |    Not selected    |    for testing     |
|       KC567278_1_KC567261_1       |     1    |   0.37 (100.00%)   |       N/A        |    Not selected    |    for testing     |
|              Node98               |     1    |   0.00 (100.00%)   |       N/A        |    Not selected    |    for testing     |
|            AF389500_1             |     1    |   0.00 (100.00%)   |       N/A        |    Not selected    |    for testing     |
|              Node274              |     1    |   0.13 (100.00%)   |       N/A        |    Not selected    |    for testing     |
|              Node91               |     1    |   0.02 (100.00%)   |       N/A        |    Not selected    |    for testing     |
|            AF389493_1             |     1    |  >1000 (100.00%)   |       N/A        |    Not selected    |    for testing     |
|              Node23               |     1    |   0.02 (100.00%)   |       N/A        |    Not selected    |    for testing     |
|              Node297              |     1    |   0.00 (100.00%)   |       N/A        |    Not selected    |    for testing     |
|            AY101184_1             |     1    |  >1000 (100.00%)   |       N/A        |    Not selected    |    for testing     |
|              Node206              |     1    |   0.13 (100.00%)   |       N/A        |    Not selected    |    for testing     |
|              Node173              |     1    |   0.00 (100.00%)   |       N/A        |    Not selected    |    for testing     |
|       KC567279_1_KC567260_1       |     1    |   0.14 (100.00%)   |       N/A        |    Not selected    |    for testing     |
|              Node251              |     1    |   0.01 (100.00%)   |       N/A        |    Not selected    |    for testing     |
|              Node47               |     1    |   0.00 (100.00%)   |       N/A        |    Not selected    |    for testing     |
|            PP003839_1             |     1    |   0.00 (100.00%)   |       N/A        |    Not selected    |    for testing     |
|       EU241649_1_EU241663_1       |     1    |   0.00 (100.00%)   |       N/A        |    Not selected    |    for testing     |
|       EU241644_1_EU241658_1       |     1    |   0.00 (100.00%)   |       N/A        |    Not selected    |    for testing     |
|       EU241648_1_EU241662_1       |     1    |   0.00 (100.00%)   |       N/A        |    Not selected    |    for testing     |
|              Node70               |     1    |   0.00 (100.00%)   |       N/A        |    Not selected    |    for testing     |
|              Node158              |     1    |   0.00 (100.00%)   |       N/A        |    Not selected    |    for testing     |
|              Node152              |     1    |   0.00 (100.00%)   |       N/A        |    Not selected    |    for testing     |
|              Node34               |     1    |   0.00 (100.00%)   |       N/A        |    Not selected    |    for testing     |
|              Node85               |     1    |   0.00 (100.00%)   |       N/A        |    Not selected    |    for testing     |
|              Node61               |     1    |   0.00 (100.00%)   |       N/A        |    Not selected    |    for testing     |
|            EU170171_1             |     1    |   0.00 (100.00%)   |       N/A        |    Not selected    |    for testing     |
|       EU170183_1_EU170200_1       |     1    |   0.00 (100.00%)   |       N/A        |    Not selected    |    for testing     |
|       EU170182_1_EU170199_1       |     1    |  >1000 (100.00%)   |       N/A        |    Not selected    |    for testing     |
|              Node99               |     1    |   0.00 (100.00%)   |       N/A        |    Not selected    |    for testing     |
|              Node225              |     1    |   0.00 (100.00%)   |       N/A        |        0.00        |       1.00000      |
|              Node116              |     1    |   0.09 (100.00%)   |       N/A        |    Not selected    |    for testing     |
|              Node303              |     1    |   0.09 (100.00%)   |       N/A        |    Not selected    |    for testing     |
|              Node280              |     1    |   0.00 (100.00%)   |       N/A        |    Not selected    |    for testing     |
|       EU170179_1_EU170196_1       |     1    |  >1000 (100.00%)   |       N/A        |    Not selected    |    for testing     |
|              Node154              |     1    |   0.00 (100.00%)   |       N/A        |    Not selected    |    for testing     |
|       EU241638_1_EU241652_1       |     1    |   0.18 (100.00%)   |       N/A        |    Not selected    |    for testing     |
|              Node110              |     1    |   0.00 (100.00%)   |       N/A        |    Not selected    |    for testing     |
|            AY970821_1             |     1    |  >1000 (100.00%)   |       N/A        |    Not selected    |    for testing     |
|            EF495340_1             |     1    |  >1000 (100.00%)   |       N/A        |    Not selected    |    for testing     |
|              Node93               |     1    |   0.00 (100.00%)   |       N/A        |    Not selected    |    for testing     |
|              Node267              |     1    |   0.22 (100.00%)   |       N/A        |    Not selected    |    for testing     |
|            MN258189_1             |     1    |   0.05 (100.00%)   |       N/A        |    Not selected    |    for testing     |
|              Node312              |     1    |   0.00 (100.00%)   |       N/A        |    Not selected    |    for testing     |
|              Node270              |     1    |   0.00 (100.00%)   |       N/A        |    Not selected    |    for testing     |
|              Node249              |     1    |   0.03 (100.00%)   |       N/A        |    Not selected    |    for testing     |
|              Node257              |     1    |   0.02 (100.00%)   |       N/A        |    Not selected    |    for testing     |
|              Node261              |     1    |   0.03 (100.00%)   |       N/A        |    Not selected    |    for testing     |
|              Node228              |     1    |   0.00 (100.00%)   |       N/A        |    Not selected    |    for testing     |
|       EU241647_1_EU241661_1       |     1    |   0.00 (100.00%)   |       N/A        |    Not selected    |    for testing     |
|              Node162              |     1    |   0.00 (100.00%)   |       N/A        |    Not selected    |    for testing     |
|              Node111              |     1    |   0.00 (100.00%)   |       N/A        |    Not selected    |    for testing     |
|              Node316              |     1    |   0.08 (100.00%)   |       N/A        |    Not selected    |    for testing     |
|            AF028024_1             |     1    |   0.05 (100.00%)   |       N/A        |    Not selected    |    for testing     |
|              Node266              |     1    |   0.00 (100.00%)   |       N/A        |    Not selected    |    for testing     |
|              Node105              |     1    |   0.00 (100.00%)   |       N/A        |    Not selected    |    for testing     |
|       KC567276_1_KC567263_1       |     1    |   0.00 (100.00%)   |       N/A        |    Not selected    |    for testing     |
|              Node147              |     1    |   0.00 (100.00%)   |       N/A        |    Not selected    |    for testing     |
|              Node279              |     1    |   0.00 (100.00%)   |       N/A        |    Not selected    |    for testing     |
|              Node155              |     1    |   0.00 (100.00%)   |       N/A        |    Not selected    |    for testing     |
|               Node9               |     1    |  >1000 (100.00%)   |       N/A        |    Not selected    |    for testing     |
|              Node256              |     1    |   0.02 (100.00%)   |       N/A        |    Not selected    |    for testing     |
|              Node108              |     1    |   0.00 (100.00%)   |       N/A        |    Not selected    |    for testing     |
|       EU241645_1_EU241659_1       |     1    |  >1000 (100.00%)   |       N/A        |    Not selected    |    for testing     |
|              Node292              |     1    |   0.00 (100.00%)   |       N/A        |    Not selected    |    for testing     |
|            OP555724_1             |     1    |   0.00 (100.00%)   |       N/A        |    Not selected    |    for testing     |
|              Node52               |     1    |  >1000 (100.00%)   |       N/A        |    Not selected    |    for testing     |
|              Node313              |     1    |   0.00 (100.00%)   |       N/A        |    Not selected    |    for testing     |
|            KY604962_1             |     1    |   0.00 (100.00%)   |       N/A        |    Not selected    |    for testing     |
|            OR965910_1             |     1    |   0.00 (100.00%)   |       N/A        |    Not selected    |    for testing     |
|            OR405524_1             |     1    |   0.00 (100.00%)   |       N/A        |    Not selected    |    for testing     |
|            MN258197_1             |     1    |   0.00 (100.00%)   |       N/A        |    Not selected    |    for testing     |
|              Node104              |     1    |  >1000 (100.00%)   |       N/A        |    Not selected    |    for testing     |
|            MN258192_1             |     1    |  >1000 (100.00%)   |       N/A        |    Not selected    |    for testing     |
|              Node120              |     1    |   0.00 (100.00%)   |       N/A        |    Not selected    |    for testing     |
|              Node205              |     1    |  >1000 (100.00%)   |       N/A        |    Not selected    |    for testing     |
|              Node197              |     1    |  >1000 (100.00%)   |       N/A        |    Not selected    |    for testing     |
|              Node118              |     1    |   0.00 (100.00%)   |       N/A        |    Not selected    |    for testing     |
|            OR987852_1             |     1    |   0.00 (100.00%)   |       N/A        |    Not selected    |    for testing     |
|            AF389505_1             |     1    |   1.00 (100.00%)   |       N/A        |    Not selected    |    for testing     |
|            AY204678_1             |     1    |   1.00 (100.00%)   |       N/A        |    Not selected    |    for testing     |
|            AF324901_2             |     1    |  >1000 (100.00%)   |       N/A        |    Not selected    |    for testing     |
|            DQ189094_1             |     1    |   1.00 (100.00%)   |       N/A        |    Not selected    |    for testing     |
|            EF495339_1             |     1    |   1.00 (100.00%)   |       N/A        |    Not selected    |    for testing     |
|            DQ189095_1             |     1    |   1.00 (100.00%)   |       N/A        |    Not selected    |    for testing     |
|            DQ189093_1             |     1    |   1.00 (100.00%)   |       N/A        |    Not selected    |    for testing     |
|            AF389508_1             |     1    |   1.00 (100.00%)   |       N/A        |    Not selected    |    for testing     |
|            AF291703_2             |     1    |   1.00 (100.00%)   |       N/A        |    Not selected    |    for testing     |
|            EU170165_1             |     1    |   1.00 (100.00%)   |       N/A        |    Not selected    |    for testing     |
|            EU170164_1             |     1    |   1.00 (100.00%)   |       N/A        |    Not selected    |    for testing     |
|            AF389499_1             |     1    |   1.00 (100.00%)   |       N/A        |    Not selected    |    for testing     |
|            EU170163_1             |     1    |   1.00 (100.00%)   |       N/A        |    Not selected    |    for testing     |
|            AF389498_1             |     1    |   1.00 (100.00%)   |       N/A        |    Not selected    |    for testing     |
|            AY101185_1             |     1    |   1.00 (100.00%)   |       N/A        |    Not selected    |    for testing     |
|            EU170169_1             |     1    |   1.00 (100.00%)   |       N/A        |    Not selected    |    for testing     |
|            PV808471_1             |     1    |   1.00 (100.00%)   |       N/A        |    Not selected    |    for testing     |
|            AF389503_1             |     1    |   1.00 (100.00%)   |       N/A        |    Not selected    |    for testing     |
|AF389483_1_AF389491_1_AF389502_1...|     1    |   1.00 (100.00%)   |       N/A        |    Not selected    |    for testing     |
|            DQ189092_1             |     1    |   1.00 (100.00%)   |       N/A        |    Not selected    |    for testing     |
|            AF389504_1             |     1    |   1.00 (100.00%)   |       N/A        |    Not selected    |    for testing     |
|            AF389494_1             |     1    |   1.00 (100.00%)   |       N/A        |    Not selected    |    for testing     |
|            NC_003467_2            |     1    |   1.00 (100.00%)   |       N/A        |    Not selected    |    for testing     |
|            MN850089_1             |     1    |   1.00 (100.00%)   |       N/A        |    Not selected    |    for testing     |
|            MT956623_1             |     1    |   1.00 (100.00%)   |       N/A        |    Not selected    |    for testing     |
|            MN850090_1             |     1    |   1.00 (100.00%)   |       N/A        |    Not selected    |    for testing     |
|            MN258218_1             |     1    |   1.00 (100.00%)   |       N/A        |    Not selected    |    for testing     |
|            MT956619_1             |     1    |   1.00 (100.00%)   |       N/A        |    Not selected    |    for testing     |
|            MN258219_1             |     1    |   1.00 (100.00%)   |       N/A        |    Not selected    |    for testing     |
|            MN258212_1             |     1    |   1.00 (100.00%)   |       N/A        |    Not selected    |    for testing     |
|            MN258221_1             |     1    |   1.00 (100.00%)   |       N/A        |    Not selected    |    for testing     |
|            MN258220_1             |     1    |   1.00 (100.00%)   |       N/A        |    Not selected    |    for testing     |
|            MN258211_1             |     1    |   1.00 (100.00%)   |       N/A        |    Not selected    |    for testing     |
|            MN258216_1             |     1    |   1.00 (100.00%)   |       N/A        |    Not selected    |    for testing     |
|       KC567274_1_KC567265_1       |     1    |   1.00 (100.00%)   |       N/A        |    Not selected    |    for testing     |
|            MN258215_1             |     1    |   1.00 (100.00%)   |       N/A        |    Not selected    |    for testing     |
|            MN258213_1             |     1    |   1.00 (100.00%)   |       N/A        |    Not selected    |    for testing     |
|            MN258222_1             |     1    |   1.00 (100.00%)   |       N/A        |    Not selected    |    for testing     |
|            MN258214_1             |     1    |   1.00 (100.00%)   |       N/A        |    Not selected    |    for testing     |
|            MN258217_1             |     1    |   1.00 (100.00%)   |       N/A        |    Not selected    |    for testing     |
|            MN850088_1             |     1    |   1.00 (100.00%)   |       N/A        |    Not selected    |    for testing     |
|            MH846248_1             |     1    |   1.00 (100.00%)   |       N/A        |    Not selected    |    for testing     |
|            MN258191_1             |     1    |   1.00 (100.00%)   |       N/A        |    Not selected    |    for testing     |
|            MH846251_1             |     1    |   1.00 (100.00%)   |       N/A        |    Not selected    |    for testing     |
|            MN258200_1             |     1    |   1.00 (100.00%)   |       N/A        |    Not selected    |    for testing     |
|            MH846249_1             |     1    |   1.00 (100.00%)   |       N/A        |    Not selected    |    for testing     |
|            MN258199_1             |     1    |   1.00 (100.00%)   |       N/A        |    Not selected    |    for testing     |
|            MN258204_1             |     1    |   1.00 (100.00%)   |       N/A        |    Not selected    |    for testing     |
|            MN258196_1             |     1    |   1.00 (100.00%)   |       N/A        |    Not selected    |    for testing     |
|            MN258198_1             |     1    |   1.00 (100.00%)   |       N/A        |    Not selected    |    for testing     |
|            MN258205_1             |     1    |   1.00 (100.00%)   |       N/A        |    Not selected    |    for testing     |
|            MN258201_1             |     1    |   1.00 (100.00%)   |       N/A        |    Not selected    |    for testing     |
|           PP_006WBLH_2            |     1    |   1.00 (100.00%)   |       N/A        |    Not selected    |    for testing     |
|            MN258202_1             |     1    |   1.00 (100.00%)   |       N/A        |    Not selected    |    for testing     |
|            MN258203_1             |     1    |   1.00 (100.00%)   |       N/A        |    Not selected    |    for testing     |
|            MN258195_1             |     1    |   1.00 (100.00%)   |       N/A        |    Not selected    |    for testing     |
|            OR987855_1             |     1    |   1.00 (100.00%)   |       N/A        |    Not selected    |    for testing     |
|            OR965908_1             |     1    |   1.00 (100.00%)   |       N/A        |    Not selected    |    for testing     |
|            OR987851_1             |     1    |   1.00 (100.00%)   |       N/A        |    Not selected    |    for testing     |
|            OR987854_1             |     1    |   1.00 (100.00%)   |       N/A        |    Not selected    |    for testing     |
|            OR965909_1             |     1    |   1.00 (100.00%)   |       N/A        |    Not selected    |    for testing     |
|            MN258210_1             |     1    |   1.00 (100.00%)   |       N/A        |    Not selected    |    for testing     |
|            OR965911_1             |     1    |   1.00 (100.00%)   |       N/A        |    Not selected    |    for testing     |
|       EU170187_1_EU170204_1       |     1    |   1.00 (100.00%)   |       N/A        |    Not selected    |    for testing     |
|              Node291              |     1    |   1.00 (100.00%)   |       N/A        |    Not selected    |    for testing     |
|            OP555731_1             |     1    |   1.00 (100.00%)   |       N/A        |    Not selected    |    for testing     |
|            OR987850_1             |     1    |   1.00 (100.00%)   |       N/A        |    Not selected    |    for testing     |
|       EU170186_1_EU170203_1       |     1    |   1.00 (100.00%)   |       N/A        |    Not selected    |    for testing     |
|       EU170178_1_EU170195_1       |     1    |   1.00 (100.00%)   |       N/A        |    Not selected    |    for testing     |
|       EU170185_1_EU170202_1       |     1    |   1.00 (100.00%)   |       N/A        |    Not selected    |    for testing     |
|       EU170180_1_EU170197_1       |     1    |   1.00 (100.00%)   |       N/A        |    Not selected    |    for testing     |
|            EU170175_1             |     1    |   1.00 (100.00%)   |       N/A        |    Not selected    |    for testing     |
|       EU170184_1_EU170201_1       |     1    |   1.00 (100.00%)   |       N/A        |    Not selected    |    for testing     |
|            MN258206_1             |     1    |   1.00 (100.00%)   |       N/A        |    Not selected    |    for testing     |
|       EU170181_1_EU170198_1       |     1    |   1.00 (100.00%)   |       N/A        |    Not selected    |    for testing     |
|            EU170176_1             |     1    |   1.00 (100.00%)   |       N/A        |    Not selected    |    for testing     |
|       KC567270_1_KC567269_1       |     1    |   1.00 (100.00%)   |       N/A        |    Not selected    |    for testing     |
|            EU170177_1             |     1    |   1.00 (100.00%)   |       N/A        |    Not selected    |    for testing     |
|       KC567271_1_KC567268_1       |     1    |   1.00 (100.00%)   |       N/A        |    Not selected    |    for testing     |
|       EU170193_1_EU170194_1       |     1    |   1.00 (100.00%)   |       N/A        |    Not selected    |    for testing     |
|       KC567273_1_KC567266_1       |     1    |   1.00 (100.00%)   |       N/A        |    Not selected    |    for testing     |
|       EU241637_1_EU241651_1       |     1    |   1.00 (100.00%)   |       N/A        |    Not selected    |    for testing     |
|            MN258207_1             |     1    |   1.00 (100.00%)   |       N/A        |    Not selected    |    for testing     |
|           PP_006XDHK_5            |     1    |   1.00 (100.00%)   |       N/A        |    Not selected    |    for testing     |
|            PV796317_1             |     1    |   1.00 (100.00%)   |       N/A        |    Not selected    |    for testing     |
|       EU241646_1_EU241660_1       |     1    |  >1000 (100.00%)   |       N/A        |    Not selected    |    for testing     |
|           PP_006XDJH_5            |     1    |   1.00 (100.00%)   |       N/A        |    Not selected    |    for testing     |
|       EU170190_1_EU170205_1       |     1    |   1.00 (100.00%)   |       N/A        |    Not selected    |    for testing     |
|            EU170188_1             |     1    |   1.00 (100.00%)   |       N/A        |    Not selected    |    for testing     |
|            EU170189_1             |     1    |   1.00 (100.00%)   |       N/A        |    Not selected    |    for testing     |
|            EU170174_1             |     1    |   1.00 (100.00%)   |       N/A        |    Not selected    |    for testing     |
|            MN258208_1             |     1    |   1.00 (100.00%)   |       N/A        |    Not selected    |    for testing     |
|            PV808468_1             |     1    |   1.00 (100.00%)   |       N/A        |    Not selected    |    for testing     |
|            EU170192_1             |     1    |   1.00 (100.00%)   |       N/A        |    Not selected    |    for testing     |
|            MN258209_1             |     1    |   1.00 (100.00%)   |       N/A        |    Not selected    |    for testing     |
----
### Adaptive branch site random effects likelihood test 
Likelihood ratio test for episodic diversifying positive selection at Holm-Bonferroni corrected _p =   0.0500_ found **0** branches under selection among **9** tested.


### Annotated Tree
((EF495339_1,EF495340_1)Node3,(KF581135_1,((MG953527_1,(EF495338_1,(PP058741_1,(EU543217_1,(AY970821_1,((EU170188_1,EU543216_1)Node20,(EU170172_1,(EU170173_1,(EU170170_1,EU170169_1,EU170174_1,(EU170175_1,EU170176_1)Node34)Node28,((EU170168_1,(((EU170193_1_EU170194_1,EU170171_1)Node61,EU170183_1_EU170200_1,EU170177_1)Node60,(EU170182_1_EU170199_1,((EU170185_1_EU170202_1,EU170186_1_EU170203_1)Node70,(EU170162_1,(EU621721_1,(EU170167_1,EU621722_1)Node78,(EU170166_1,(EU170163_1,(EU170164_1,EU170165_1)Node85)Node83)Node81)Node75)Node73)Node69)Node67)Node59)Node57,(((EU170181_1_EU170198_1,EU170191_1_EU170206_1)Node47,EU170190_1_EU170205_1,(EU170189_1,EU170179_1_EU170196_1,EU170192_1)Node52)Node46,EU170178_1_EU170195_1,EU170180_1_EU170197_1)Node42,EU170184_1_EU170201_1,EU170187_1_EU170204_1)Node37)Node25)Node23)Node19)Node17)Node15)Node13)Node11)Node9,((((AF028023_1,(AF389484_1_AF389490_1_AF389482_1,(OR987854_1,OR987855_1)Node95)Node93)Node91,((DQ189092_1,OR965908_1,OP555731_1)Node99,((PP003839_1,PP003838_1)Node105,(OR987853_1,((OR965910_1,OR965909_1,OR965911_1)Node111,(OR987851_1,(DQ189093_1,(DQ189094_1,OR987850_1,OR987852_1)Node120)Node118)Node116)Node110)Node108)Node104)Node98)Node90,(OQ092244_1,((AH011226_2,((AY515598_1_AY515603_1,OR890440_1)Node131,((AF389485_1_AF389488_1_AF389479_1,((AY204680_1,OL840326_1,AY101185_1)Node138,(AY101184_1,(AY204679_1,(AY204677_1,AY204678_1)Node147)Node145)Node143)Node137)Node135,(AF028022_1,(OR987856_1,((PP151163_1,PP151164_1)Node155,(MH846250_1,MH846251_1,(AF389486_1_AF389489_1_AF389480_1,MH846248_1,MH846249_1)Node162)Node158)Node154)Node152)Node150)Node134)Node130)Node128,(AY963900_1,(((AF389512_1,(AF389510_1,AF389511_1)Node173)Node171,(AF389508_1,(AF389509_1,(AF389506_1,AF389507_1)Node180)Node178)Node176)Node170,(AF389505_1,(((AF389504_1,AF389483_1_AF389491_1_AF389502_1,AF389503_1)Node187,(AF389501_1,(AH011225_2,AF389500_1)Node194)Node192)Node186,(AF389495_1,AF389494_1,(AF389496_1,AF389497_1)Node202,((AF028024_1,AF389493_1)Node206,(AF389498_1,AF389499_1)Node209)Node205)Node197)Node185)Node183)Node169)Node167)Node127)Node125)Node89,(((EU241641_1_EU241655_1,EU241640_1)Node214,(EU241639_1_EU241653_1,(EU241637_1_EU241651_1,EU241638_1_EU241652_1)Node219)Node217)Node213,(EU241650_1_EU241664_1,((EU241643_1_EU241657_1,((MN850091_1,(EU241648_1_EU241662_1,EU241649_1_EU241663_1)Node230)Node228,(KC567275_1_KC567264_1,(AF291703_2,NC_003467_2,MT956623_1)Node235)Node233)Node227)Node225,((((OP555724_1,(PV796317_1,PV808468_1)Node245)Node243,((KC567278_1_KC567261_1,(PP_006XDJH_5,PP_006WBLH_2,PP_006XDHK_5)Node251)Node249,(((MN258191_1,MN258192_1)Node261,EU241645_1_EU241659_1,EU241647_1_EU241661_1)Node257,EU241644_1_EU241658_1,((EU241646_1_EU241660_1,DQ189095_1)Node267,(KC567281_1_KC567258_1,KC567279_1_KC567260_1)Node270)Node266)Node256)Node248)Node242,((KC567276_1_KC567263_1,KC567280_1_KC567259_1,KC567277_1_KC567262_1)Node274,((MN258190_1,(KC567272_1_KC567267_1,KC567273_1_KC567266_1,KC567271_1_KC567268_1,KC567274_1_KC567265_1,KC567270_1_KC567269_1)Node282)Node280,((EU241642_1_EU241656_1,(PV808471_1,MT956619_1)Node294)Node292,((OR405524_1,KY604962_1)Node298,(MN258193_1,(AF389487_1_AF389492_1_AF389481_1,AF324901_2)Node303)Node301)Node297)Node291)Node279)Node273)Node241,((MN850089_1,MN850088_1,MN850090_1)Node307,((MN258189_1,MN850092_1)Node313,(MN258194_1,(MN258215_1,MN258197_1,MN258196_1,MN258214_1,MN258221_1,MN258211_1,MN258200_1,MN258219_1,MN258217_1,MN258205_1,MN258199_1,MN258210_1,MN258209_1,MN258202_1,MN258222_1,MN258204_1,MN258213_1,MN258203_1,MN258201_1,MN258212_1,MN258216_1,MN258206_1,MN258208_1,MN258220_1,MN258218_1,MN258198_1,MN258195_1,MN258207_1)Node318)Node316)Node312)Node306)Node240)Node224)Node222)Node212)Node88)Node8)Node6,NC_077670_1)

----

```
 |EF495339_1 (Not tested)
|+Node3 (Not tested)
||EF495340_1 (Not tested)
||KF581135_1 (Not tested)
|+Node6 (Not tested)
|| |MG953527_1 (Not tested)
|||+Node9 (Not tested)
|||||EF495338_1 (Not tested)
||||+Node11 (Not tested)
||| ||PP058741_1 (Not tested)
||| |+Node13 (Not tested)
|||  ||EU543217_1 (Not tested)
|||  |+Node15 (Not tested)
|||   ||AY970821_1 (Not tested)
|||   |+Node17 (Not tested)
|||    | |EU170188_1 (Not tested)
|||    ||+Node20 (Not tested)
|||    |||EU543216_1 (Not tested)
|||    |+Node19 (Not tested)
|||     ||EU170172_1 (Not tested)
|||     |+Node23 (Not tested)
|||      ||EU170173_1 (Not tested)
|||      |+Node25 (Not tested)
|||       ||EU170170_1 (Not tested)
|||       ||EU170169_1 (Not tested)
|||       |+Node28 (Not tested)
|||       ||EU170174_1 (Not tested)
|||       |||EU170175_1 (Not tested)
|||       ||+Node34 (Not tested)
|||       | |EU170176_1 (Not tested)
|||       | |EU170168_1 (Not tested)
|||       ||+Node57 (Not tested)
|||       |||  |EU170193_1_EU170194_1 (Not tested)
|||       ||| |+Node61 (Not tested)
|||       ||| ||EU170171_1 (Not tested)
|||       ||||+Node60 (Not tested)
|||       |||||EU170183_1_EU170200_1 (Not tested)
|||       |||||EU170177_1 (Not tested)
|||       |||+Node59 (Not tested)
|||       || ||EU170182_1_EU170199_1 (Not tested)
|||       || |+Node67 (Not tested)
|||       ||  | |EU170185_1_EU170202_1 (Not tested)
|||       ||  ||+Node70 (Not tested)
|||       ||  |||EU170186_1_EU170203_1 (Not tested)
|||       ||  |+Node69 (Not tested)
|||       ||   ||EU170162_1 (Not tested)
|||       ||   |+Node73 (Not tested)
|||       ||    ||EU621721_1 (Not tested)
|||       ||    |+Node75 (Not tested)
|||       ||     ||EU170167_1 (Not tested)
|||       ||     |+Node78 (Not tested)
|||       ||     ||EU621722_1 (Not tested)
|||       ||     ||EU170166_1 (Not tested)
|||       ||     |+Node81 (Not tested)
|||       ||      ||EU170163_1 (Not tested)
|||       ||      |+Node83 (Not tested)
|||       ||       ||EU170164_1 (Not tested)
|||       ||       |+Node85 (Not tested)
|||       ||        |EU170165_1 (Not tested)
|||       ||  |EU170181_1_EU170198_1 (Not tested)
|||       || |+Node47 (Not tested)
|||       || ||EU170191_1_EU170206_1 (Not tested)
|||       |||+Node46 (Not tested)
|||       ||||EU170190_1_EU170205_1 (Not tested)
|||       |||||EU170189_1 (Not tested)
|||       ||||+Node52 (Not tested)
|||       ||| |EU170179_1_EU170196_1 (Not tested)
|||       ||| |EU170192_1 (Not tested)
|||       ||+Node42 (Not tested)
|||       |||EU170178_1_EU170195_1 (Not tested)
|||       |||EU170180_1_EU170197_1 (Not tested)
|||       |+Node37 (Not tested)
|||        |EU170184_1_EU170201_1 (Not tested)
|||        |EU170187_1_EU170204_1 (Not tested)
||+Node8 (Not tested)
| |   |AF028023_1 (Not tested)
| |  |+Node91 (Not tested)
| |  |||AF389484_1_AF389490_1_AF389482_1 (Not tested)
| |  ||+Node93 (Not tested)
| |  | ||OR987854_1 (Not tested)
| |  | |+Node95 (Not tested)
| |  |  |OR987855_1 (Not tested)
| | |+Node90 (Not tested)
| | || |DQ189092_1 (Not tested)
| | |||+Node99 (Not tested)
| | ||||OR965908_1 (Not tested)
| | ||||OP555731_1 (Not tested)
| | ||+Node98 (Not tested)
| | | | |PP003839_1 (Not tested)
| | | ||+Node105 (Not tested)
| | | |||PP003838_1 (Not tested)
| | | |+Node104 (Not tested)
| | |  ||OR987853_1 (Not tested)
| | |  |+Node108 (Not tested)
| | |   | |OR965910_1 (Not tested)
| | |   ||+Node111 (Not tested)
| | |   |||OR965909_1 (Not tested)
| | |   |||OR965911_1 (Not tested)
| | |   |+Node110 (Not tested)
| | |    ||OR987851_1 (Not tested)
| | |    |+Node116 (Not tested)
| | |     ||DQ189093_1 (Not tested)
| | |     |+Node118 (Not tested)
| | |      ||DQ189094_1 (Not tested)
| | |      |+Node120 (Not tested)
| | |       |OR987850_1 (Not tested)
| | |       |OR987852_1 (Not tested)
| ||+Node89 (Not tested)
| ||||OQ092244_1 (Not tested)
| |||+Node125 (Not tested)
| || | |AH011226_2 (Not tested)
| || ||+Node128 (Not tested)
| || ||| |AY515598_1_AY515603_1 (Not tested)
| || ||||+Node131 (Not tested)
| || |||||OR890440_1 (Not tested)
| || |||+Node130 (Not tested)
| || || | |AF389485_1_AF389488_1_AF389479_1 (Not tested)
| || || ||+Node135 (Not tested)
| || || ||| |AY204680_1 (Not tested)
| || || ||||+Node138 (Not tested)
| || || |||||OL840326_1 (Not tested)
| || || |||||AY101185_1 (Not tested)
| || || |||+Node137 (Not tested)
| || || || ||AY101184_1 (Not tested)
| || || || |+Node143 (Not tested)
| || || ||  ||AY204679_1 (Not tested)
| || || ||  |+Node145 (Not tested)
| || || ||   ||AY204677_1 (Not tested)
| || || ||   |+Node147 (Not tested)
| || || ||    |AY204678_1 (Not tested)
| || || |+Node134 (Not tested)
| || ||  ||AF028022_1 (Not tested)
| || ||  |+Node150 (Not tested)
| || ||   ||OR987856_1 (Not tested)
| || ||   |+Node152 (Not tested)
| || ||    | |PP151163_1 (Not tested)
| || ||    ||+Node155 (Not tested)
| || ||    |||PP151164_1 (Not tested)
| || ||    |+Node154 (Not tested)
| || ||     ||MH846250_1 (Not tested)
| || ||     |+Node158 (Not tested)
| || ||      |MH846251_1 (Not tested)
| || ||      ||AF389486_1_AF389489_1_AF389480_1 (Not tested)
| || ||      |+Node162 (Not tested)
| || ||       |MH846248_1 (Not tested)
| || ||       |MH846249_1 (Not tested)
| || |+Node127 (Not tested)
| ||  ||AY963900_1 (Not tested)
| ||  |+Node167 (Not tested)
| ||   |  |AF389512_1 (Not tested)
| ||   | |+Node171 (Not tested)
| ||   | |||AF389510_1 (Not tested)
| ||   | ||+Node173 (Not tested)
| ||   | | |AF389511_1 (Not tested)
| ||   ||+Node170 (Not tested)
| ||   ||||AF389508_1 (Not tested)
| ||   |||+Node176 (Not tested)
| ||   || ||AF389509_1 (Not tested)
| ||   || |+Node178 (Not tested)
| ||   ||  ||AF389506_1 (Not tested)
| ||   ||  |+Node180 (Not tested)
| ||   ||   |AF389507_1 (Not tested)
| ||   |+Node169 (Not tested)
| ||    ||AF389505_1 (Not tested)
| ||    |+Node183 (Not tested)
| ||     |  |AF389504_1 (Not tested)
| ||     | |+Node187 (Not tested)
| ||     | ||AF389483_1_AF389491_1_AF389502_1 (Not tested)
| ||     | ||AF389503_1 (Not tested)
| ||     ||+Node186 (Not tested)
| ||     ||||AF389501_1 (Not tested)
| ||     |||+Node192 (Not tested)
| ||     || ||AH011225_2 (Not tested)
| ||     || |+Node194 (Not tested)
| ||     ||  |AF389500_1 (Not tested)
| ||     |+Node185 (Not tested)
| ||      ||AF389495_1 (Not tested)
| ||      ||AF389494_1 (Not tested)
| ||      |+Node197 (Not tested)
| ||       ||AF389496_1 (Not tested)
| ||       |+Node202 (Not tested)
| ||       ||AF389497_1 (Not tested)
| ||       | |AF028024_1 (Not tested)
| ||       ||+Node206 (Not tested)
| ||       |||AF389493_1 (Not tested)
| ||       |+Node205 (Not tested)
| ||        ||AF389498_1 (Not tested)
| ||        |+Node209 (Not tested)
| ||         |AF389499_1 (Not tested)
| |+Node88 (Not tested)
|  |  |EU241641_1_EU241655_1 (Not tested)
|  | |+Node214 (Not tested)
|  | ||EU241640_1 (Not tested)
|  ||+Node213 (Not tested)
|  ||||EU241639_1_EU241653_1 (Not tested)
|  |||+Node217 (Not tested)
|  || ||EU241637_1_EU241651_1 (Not tested)
|  || |+Node219 (Not tested)
|  ||  |EU241638_1_EU241652_1 (Not tested)
|  |+Node212 (N.S)
|   ||EU241650_1_EU241664_1 (Not tested)
|   |+Node222 (N.S)
|    | |EU241643_1_EU241657_1 (Not tested)
|    ||+Node225 (N.S)
|    ||| |MN850091_1 (Not tested)
|    ||||+Node228 (Not tested)
|    ||||||EU241648_1_EU241662_1 (Not tested)
|    |||||+Node230 (Not tested)
|    |||| |EU241649_1_EU241663_1 (Not tested)
|    |||+Node227 (Not tested)
|    || ||KC567275_1_KC567264_1 (Not tested)
|    || |+Node233 (Not tested)
|    ||  ||AF291703_2 (Not tested)
|    ||  |+Node235 (Not tested)
|    ||   |NC_003467_2 (Not tested)
|    ||   |MT956623_1 (Not tested)
|    |+Node224 (N.S)
|     |   |OP555724_1 (Not tested)
|     |  |+Node243 (Not tested)
|     |  |||PV796317_1 (Not tested)
|     |  ||+Node245 (Not tested)
|     |  | |PV808468_1 (Not tested)
|     | |+Node242 (N.S)
|     | || |KC567278_1_KC567261_1 (Not tested)
|     | |||+Node249 (Not tested)
|     | |||||PP_006XDJH_5 (Not tested)
|     | ||||+Node251 (Not tested)
|     | ||| |PP_006WBLH_2 (Not tested)
|     | ||| |PP_006XDHK_5 (Not tested)
|     | ||+Node248 (Not tested)
|     | | |  |MN258191_1 (Not tested)
|     | | | |+Node261 (Not tested)
|     | | | ||MN258192_1 (Not tested)
|     | | ||+Node257 (Not tested)
|     | | |||EU241645_1_EU241659_1 (Not tested)
|     | | |||EU241647_1_EU241661_1 (Not tested)
|     | | |+Node256 (Not tested)
|     | |  |EU241644_1_EU241658_1 (Not tested)
|     | |  | |EU241646_1_EU241660_1 (Not tested)
|     | |  ||+Node267 (Not tested)
|     | |  |||DQ189095_1 (Not tested)
|     | |  |+Node266 (Not tested)
|     | |   ||KC567281_1_KC567258_1 (Not tested)
|     | |   |+Node270 (Not tested)
|     | |    |KC567279_1_KC567260_1 (Not tested)
|     ||+Node241 (N.S)
|     ||| |KC567276_1_KC567263_1 (Not tested)
|     ||||+Node274 (Not tested)
|     |||||KC567280_1_KC567259_1 (Not tested)
|     |||||KC567277_1_KC567262_1 (Not tested)
|     |||+Node273 (N.S)
|     || | |MN258190_1 (Not tested)
|     || ||+Node280 (Not tested)
|     || ||||KC567272_1_KC567267_1 (Not tested)
|     || ||||KC567273_1_KC567266_1 (Not tested)
|     || |||+Node282 (Not tested)
|     || || |KC567271_1_KC567268_1 (Not tested)
|     || || |KC567274_1_KC567265_1 (Not tested)
|     || || |KC567270_1_KC567269_1 (Not tested)
|     || |+Node279 (Not tested)
|     ||  | |EU241642_1_EU241656_1 (Not tested)
|     ||  ||+Node292 (Not tested)
|     ||  ||||PV808471_1 (Not tested)
|     ||  |||+Node294 (Not tested)
|     ||  || |MT956619_1 (Not tested)
|     ||  |+Node291 (Not tested)
|     ||   | |OR405524_1 (Not tested)
|     ||   ||+Node298 (Not tested)
|     ||   |||KY604962_1 (Not tested)
|     ||   |+Node297 (Not tested)
|     ||    ||MN258193_1 (Not tested)
|     ||    |+Node301 (Not tested)
|     ||     ||AF389487_1_AF389492_1_AF389481_1 (Not tested)
|     ||     |+Node303 (Not tested)
|     ||      |AF324901_2 (Not tested)
|     |+Node240 (N.S)
|      | |MN850089_1 (Not tested)
|      ||+Node307 (Not tested)
|      |||MN850088_1 (Not tested)
|      |||MN850090_1 (Not tested)
|      |+Node306 (N.S)
|       | |MN258189_1 (Not tested)
|       ||+Node313 (Not tested)
|       |||MN850092_1 (Not tested)
|       |+Node312 (Not tested)
|        ||MN258194_1 (Not tested)
|        |+Node316 (Not tested)
|         ||MN258215_1 (Not tested)
|         ||MN258197_1 (Not tested)
|         ||MN258196_1 (Not tested)
|         ||MN258214_1 (Not tested)
|         ||MN258221_1 (Not tested)
|         ||MN258211_1 (Not tested)
|         ||MN258200_1 (Not tested)
|         ||MN258219_1 (Not tested)
|         ||MN258217_1 (Not tested)
|         ||MN258205_1 (Not tested)
|         ||MN258199_1 (Not tested)
|         ||MN258210_1 (Not tested)
|         ||MN258209_1 (Not tested)
|         ||MN258202_1 (Not tested)
|         |+Node318 (Not tested)
|          |MN258222_1 (Not tested)
|          |MN258204_1 (Not tested)
|          |MN258213_1 (Not tested)
|          |MN258203_1 (Not tested)
|          |MN258201_1 (Not tested)
|          |MN258212_1 (Not tested)
|          |MN258216_1 (Not tested)
|          |MN258206_1 (Not tested)
|          |MN258208_1 (Not tested)
|          |MN258220_1 (Not tested)
|          |MN258218_1 (Not tested)
|          |MN258198_1 (Not tested)
|          |MN258195_1 (Not tested)
|          |MN258207_1 (Not tested)
|NC_077670_1 (Not tested)
```

